slug,kind,question,answer
"hadley-woods-terrace-milton","disclaims-then-asserts-established","Is Hadley Woods Terrace new construction or established?","Hadley Woods Terrace is an established terrace street within the Dempsey area of Milton. The available data does not include build-year information, so a precise construction timeline is not something that can be stated here."
"mendelson-heights-milton","asserts-established","Is Mendelson Heights new construction or established?","The street is established, with detached homes and no active new-build activity in the recent record. There is nothing on Mendelson Heights that reads as a new release. What is there has been there."
"argall-court-milton","asserts-established","Is Argall Court new construction or established?","The street reads as established rather than new construction, with detached homes forming its recorded stock. There is no active building presence on the court. Any new-build question would be better directed to the wider Ford area."
"manitou-way-milton","asserts-established","Is Manitou Way new construction or established?","The street reads as established rather than new construction. Recent recorded activity is limited, so the picture is drawn from a small sample."
"violet-gate-milton","disclaims-then-asserts-established","Is Violet Gate new construction or established?","The street's recorded stock is detached housing, and the input does not carry build-year data, so a precise era cannot be stated. The surrounding Walker area is a developed Milton neighbourhood with a mix of housing ages. The street reads as part of that established fabric."
"elderberry-crescent-milton","asserts-established","Is Elderberry Crescent new construction or established?","The street is established, with detached housing on record and no active new-build activity. It reads as a settled crescent within Cobban rather than a site still under development."
"20-side-road-milton","asserts-established","Is 20 Side Road new construction or established?","The street reads as established rural housing rather than a new build corridor. There is no active construction pipeline visible along this stretch. The character is consistent with the surrounding Rural Milton West area."
"bishop-court-milton","asserts-established","Is Bishop Court new construction or established?","Bishop Court sits within Dorset Park, an established Milton neighbourhood. There is no indication of active new construction on the street itself. The surrounding area has been built out for some time."
"menefy-place-milton","asserts-established","Is Menefy Place new construction or established?","The street reads as established rather than new build, with the surrounding Beaty fabric already in place. There is no active construction pipeline recorded for the address. Readers wanting build-era detail should look at the individual home."
"stewart-crescent-milton","disclaims-then-asserts-established","Is Stewart Crescent new construction or established?","The available data does not carry build-year or construction-era information for Stewart Crescent, so a firm answer is not possible. Beaty as a whole is a mature Milton neighbourhood rather than a new-build area. Readers should confirm the specific home's vintage directly."
"temperance-crescent-milton","asserts-established","Is Temperance Crescent new construction or established?","The street reads as established, with detached housing forming its recorded stock."
"beacham-court-milton","asserts-established","Is Beacham Court new construction or established?","Beacham Court is an established residential court in Clarke, not a new-build site. Confirming the age of any specific home is best done through the listing history or a direct look at the property."
"boland-crescent-milton","disclaims-then-asserts-established","Is Boland Crescent new construction or established?","No build-year data is recorded for Boland Crescent, so the street's era cannot be stated from the available information. What can be said is that it sits within Campbellville, a long-settled part of Milton. A direct look at the street will answer the question better than any record here."
"3-side-road-milton","asserts-established","Is 3 Side Road new construction or established?","The street reads as established rather than new. Its recorded housing stock is detached, consistent with the older Campbellville settlement pattern. There is no indication of active new-build development on the street."
"boughton-crescent-milton","asserts-established","Is Boughton Crescent new construction or established?","Boughton Crescent sits within Coates, an established part of Milton rather than a new-build pocket. The street itself is a crescent of the kind built into the town's residential fabric over the past few decades. There is no active new-construction presence on the street."
"cunningham-court-milton","asserts-new","Is Cunningham Court new construction or established?","The data does not carry build years for Cunningham Court, so that cannot be answered from the record. The street sits in Moffat, a rural community north of Milton's main growth areas, which places it well outside the newer subdivision belts."
"fennamore-terrace-milton","asserts-established","Is Fennamore Terrace new construction or established?","The street is established rather than new construction. Its homes are detached, and the surrounding Harrison area has been built out for some time."
"wakefield-road-milton","asserts-established","Is Wakefield Road new construction or established?","Wakefield Road sits in Old Milton, an established part of town with mature streets and traditional lot patterns. The surrounding area is predominantly detached housing rather than new-build subdivisions. There is no recent construction activity recorded on the street itself."
"mcfarland-court-milton","asserts-established","Is McFarland Court new construction or established?","McFarland Court reads as an established rural court rather than new subdivision construction. It sits within Brookville / Haltonville, a pocket defined by longer-standing rural properties rather than recent builder tracts."
"caves-court-milton","asserts-established","Is Caves Court new construction or established?","Caves Court sits within Old Milton, an established part of town rather than a new-build pocket. The street itself is a court, which typically signals a settled residential layout. No active new-construction activity is recorded on the street."
"wheelihan-way-milton","asserts-established","Is Wheelihan Way new construction or established?","Wheelihan Way sits within Campbellville, a long-established hamlet north of the Niagara Escarpment rather than an active new-build subdivision. The character reads settled, not under construction."
"slingsby-landing-milton","asserts-established","Is Slingsby Landing new construction or established?","Slingsby Landing is an established street with a small, settled housing mix of detached homes and townhouses. There is no active new-build program on the street. The surrounding Harrison area is similarly built out."
"mcphedran-point-milton","disclaims-then-asserts-established","Is McPhedran Point new construction or established?","The street's recorded sales are detached homes, which is the only stock detail the data carries. There is no build-year information available for McPhedran Point. The reader should treat the street as established until records say otherwise."
"mcginnis-crescent-milton","asserts-established","Is McGinnis Crescent new construction or established?","McGinnis Crescent reads as established residential within the Harrison area. There is no indication of active new-build development on the street itself."
"emmett-landing-milton","disclaims-only","Is Emmett Landing new construction or established?","The input carries no build-year data for Emmett Landing, so no era can be stated for the street. What is recorded is a small stock of detached homes with very little recent turnover."
"eves-gate-milton","asserts-established","Is Eves Gate new construction or established?","Eves Gate is an established street within the Ford area, with townhouse stock rather than an active build-out."
"willet-terrace-milton","asserts-established","Is Willet Terrace new construction or established?","Willet Terrace is an established street within Harrison, with homes that have already traded on the resale market. There is no active new-build program on the street itself. The surrounding area is largely built out."
"labine-point-milton","asserts-established","Is Labine Point new construction or established?","Labine Point sits within Cobban, one of Milton's newer eastern subdivisions, and reads as recently built stock rather than an established pocket. The neighbourhood around it is still maturing."
"sugden-terrace-milton","asserts-established","Is Sugden Terrace new construction or established?","The street reads as established rather than new construction."
"mcferran-crescent-milton","asserts-established","Is McFerran Crescent new construction or established?","The street is part of the established Willmott neighbourhood, with no active new-build activity recorded. The housing stock is settled rather than under construction. For build-year specifics, the street's own record is the place to look."
"reece-court-milton","asserts-established","Is Reece Court new construction or established?","Reece Court is an established court with detached homes and a small number of recorded sales. There is no active new-build activity on the street. The surrounding Harrison area is similarly built out."
"earl-crescent-milton","asserts-established","Is Earl Crescent new construction or established?","Earl Crescent is an established street within the Beaty area. The housing stock is detached, consistent with the surrounding neighbourhood."
"ashbrook-court-milton","asserts-established","Is Ashbrook Court new construction or established?","Ashbrook Court sits within Old Milton, the older part of town, and the street itself is a court rather than a new subdivision road. No builder is identified in the available record for this street."
"robarts-drive-milton","asserts-established","Is Robarts Drive new construction or established?","Robarts Drive sits within Dempsey, an established part of Milton with the surrounding streets and parks already in place. There is no active new-build phase on the street itself. The housing stock reads as settled rather than in-progress."
"toletzka-landing-milton","asserts-established","Is Toletzka Landing new construction or established?","Toletzka Landing is established. The street carries detached housing and no active new-build activity is recorded in the current data."
"strawberry-landing-milton","other","Is Strawberry Landing new construction or established?","There is no new-construction activity on record here."
"hollinrake-crescent-milton","asserts-established","Is Hollinrake Crescent new construction or established?","Hollinrake Crescent sits within Beaty, a neighbourhood that built out over the past few decades rather than a new-build site. There is no active new construction on the street itself. The surrounding area is settled residential."
"donovan-heights-milton","asserts-established","Is Donovan Heights new construction or established?","The street reads as established rather than new construction."
"gore-court-milton","asserts-established","Is Gore Court new construction or established?","The street reads as established, with a small and settled townhouse stock rather than an active build. There is no new-construction activity recorded on Gore Court."
"cathcart-crescent-milton","asserts-established","Is Cathcart Crescent new construction or established?","Cathcart Crescent sits within the established Willmott neighbourhood, which has been built out over a number of years. There is no active new-build program on the street itself. The surrounding area is mature residential."
"elsley-court-milton","asserts-established","Is Elsley Court new construction or established?","The street reads as established rather than new construction."
"alexander-crescent-milton","disclaims-only","Is Alexander Crescent new construction or established?","The available data does not carry build-year information for Alexander Crescent, so a definitive answer on its era is not possible here. The street sits within Dempsey, an area of Milton that has developed over a number of years. Confirming the construction timeline would require a closer look at the individual homes."
"cedar-trail-milton","disclaims-then-asserts-established","Is Cedar Trail new construction or established?","The input carries no build-year data for Cedar Trail, so no era can be stated. The street is a trail in the Moffat area, and the surrounding settlement pattern is long established rather than new. A specific property's age should be confirmed from its own records."
"schreyer-crescent-milton","asserts-established","Is Schreyer Crescent new construction or established?","Schreyer Crescent is an established crescent within Harrison, with detached homes and no active new-build activity recorded on the street. The surrounding neighbourhood is built out. It reads as a settled residential street rather than a growing one."
"powadiuk-place-milton","asserts-established","Is Powadiuk Place new construction or established?","The street is established, with detached homes and a settled position within Clarke. There is no active new-build activity recorded on Powadiuk Place. The surrounding area carries the infrastructure of a built-out neighbourhood."
"deacon-drive-milton","asserts-established","Is Deacon Drive new construction or established?","The street is established within the Beaty neighbourhood rather than a new-build site. The surrounding area has been built out for some time, and Deacon Drive reads as part of that settled fabric."
"dockray-drive-milton","asserts-established","Is Dockray Drive new construction or established?","The street is established, with detached homes and no active new-build activity recorded."
"connaught-terrace-milton","other","Is Connaught Terrace new construction or established?","There is no builder data published for Connaught Terrace, so no name can be attached. The stock is what it is."
"cobban-road-milton","asserts-established","Is Cobban Road new construction or established?","Cobban Road reads as established rather than new. There is no active construction recorded on the street itself. The housing that exists here is already in place."
"proud-drive-milton","disclaims-then-asserts-established","Is Proud Drive new construction or established?","Proud Drive sits within Cobban, a neighbourhood that has built out over the past decade and a half. The street itself carries no recent recorded sales, so its own build timeline cannot be dated from activity. The surrounding area reads as established rather than actively under construction."
"cranberry-crescent-milton","asserts-established","Is Cranberry Crescent new construction or established?","The street reads as established, with detached homes forming its recorded stock. There is no active new-build activity on the crescent itself. Cobban as a whole has seen newer phases, but Cranberry Crescent is not one of them."
"archer-way-milton","disclaims-then-asserts-established","Is Archer Way new construction or established?","There is no build-year or construction-era data recorded for Archer Way, so the street's age cannot be stated from the available information. The surrounding Clarke area is a long-established part of Milton. A visit to the street itself is the most reliable way to read its character."
"quinlan-court-milton","asserts-established","Is Quinlan Court new construction or established?","Quinlan Court is an established residential court in the Scott neighbourhood. There is no active new-build pipeline recorded on the street. The surrounding area is fully built out."
"graham-bell-court-milton","asserts-established","Is Graham Bell Court new construction or established?","The street reads as established rather than new build, with detached homes and no active construction profile on record. There is no builder attribution available for the street. The court form itself is typical of Milton's earlier residential phases."
"sellers-path-milton","asserts-established","Is Sellers Path new construction or established?","Sellers Path reads as an established street within Harrison rather than a new-build enclave. There is no indication of active new construction on the street itself."
"guelph-junction-road-milton","asserts-established","Is Guelph Junction Road new construction or established?","The street reads as established rather than new construction. Its detached homes are the settled form of the road, not a builder's release. There is no active new-build presence recorded on Guelph Junction Road."
"transom-crescent-milton","asserts-established","Is Transom Crescent new construction or established?","The street is established, with a settled townhouse fabric rather than an active build-out. Recent activity is resale rather than new release. There is no builder pipeline attached to the crescent in the current record."
"mckim-gate-milton","disclaims-then-asserts-established","Is McKim Gate new construction or established?","The available data does not carry build-year or construction-era detail for McKim Gate. What can be said is that the street sits within Harrison, an area with a settled street network and established surrounding infrastructure."
"riverplace-crescent-milton","disclaims-then-asserts-established","Is Riverplace Crescent new construction or established?","Riverplace Crescent sits within Old Milton, an established part of town rather than a new-build pocket. The street itself shows no recent sales activity, so no build-era detail can be drawn from transactions. The surrounding area's housing stock is mature."
"farrington-crossing-milton","asserts-established","Is Farrington Crossing new construction or established?","The street sits within the established Scott area of Milton, surrounded by parks, schools and the town's core services. Specific build dates for individual homes are not something the available information covers."
"fulton-street-milton","asserts-established","Is Fulton Street new construction or established?","Fulton Street sits within Old Milton, the older core of the town, where the surrounding fabric is long established rather than newly built. There is no active new-build activity recorded on the street itself. The character is that of a settled residential address rather than a construction site."
"halton-avenue-milton","asserts-established","Is Halton Avenue new construction or established?","Halton Avenue sits in Old Milton, an established part of town rather than a new build area. The street's housing reflects that older context, though individual properties vary."
"lavery-heights-milton","disclaims-only","Is Lavery Heights new construction or established?","The data does not carry build-year or construction-era information for Lavery Heights, so that distinction cannot be stated. What is recorded is a semi-detached stock with no recent sales activity. The street's position within the Scott area is the firmer ground."
"campbellville-road-milton","asserts-established","Is Campbellville Road new construction or established?","Campbellville Road is an established rural road rather than a new-build subdivision. The recorded housing on it is detached, consistent with the surrounding Nassagaweya area. There is no builder pipeline data attached to this street."
"huddlestone-crescent-milton","asserts-established","Is Huddlestone Crescent new construction or established?","The street reads as established rather than new construction, with detached housing as its recorded form. There is no active new-build activity on the street itself. The surrounding Scott area has a settled feel, with schools, parks, and services already in place."
"hemlock-drive-milton","disclaims-then-asserts-established","Is Hemlock Drive new construction or established?","There is no construction-era data for Hemlock Drive, so the street's build period cannot be stated with confidence. What is clear is that it sits within Dorset Park, a neighbourhood with an established residential fabric. The street's own character is best judged in person."
"lyons-court-milton","disclaims-then-asserts-established","Is Lyons Court new construction or established?","The available data does not carry build-year information for Lyons Court, so a new-versus-established call cannot be made from it. The street sits within Timberlea, a neighbourhood with a settled footprint. A site visit or a conversation with the local board is the better route to that answer."
"huntingford-gate-milton","disclaims-then-asserts-established","Is Huntingford Gate new construction or established?","No build-era data is published for Huntingford Gate, so the street cannot be dated from the available record. The surrounding Scott area is a long-established part of Milton with a wide range of housing ages. The street reads as part of that established fabric rather than a new build."
"watercress-way-milton","asserts-established","Is Watercress Way new construction or established?","Watercress Way reads as an established townhouse street within Walker, not an active new-build site. The homes recorded here are townhouses, and there is no indication of ongoing construction on the street itself. The surrounding Walker area continues to fill in, but Watercress Way is settled."
"marcellus-avenue-milton","asserts-established","Is Marcellus Avenue new construction or established?","Marcellus Avenue is an established street within Timberlea, not a new-build pocket. The surrounding area has been built out for some time. No active new-construction activity is recorded on the street."
"lydia-avenue-milton","asserts-established","Is Lydia Avenue new construction or established?","Lydia Avenue sits in Old Milton, an established part of the town. There is no indication of active new construction on the street."
"basswood-crescent-milton","asserts-established","Is Basswood Crescent new construction or established?","Basswood Crescent is established rather than new construction, with the detached homes on it already built and occupied. There is no active development pipeline recorded on the street itself."
"inglis-drive-milton","asserts-established","Is Inglis Drive new construction or established?","Inglis Drive is an established street in the Campbellville area of Milton. There is no active new-build activity recorded on the street. The surrounding area has been settled for some time."
"rowe-terrace-milton","asserts-established","Is Rowe Terrace new construction or established?","The street reads as established rather than new. Its recorded stock is detached, and there is no active new-build pipeline attached to it in the data."
"pitcher-place-milton","disclaims-then-asserts-established","Is Pitcher Place new construction or established?","Pitcher Place shows no recent sales activity, so its build era cannot be confirmed from the available data. The surrounding Coates area is an established residential part of Milton. A reader wanting construction detail should verify it directly."
"melanson-heights-milton","asserts-established","Is Melanson Heights new construction or established?","The street is established rather than new construction. There is no active building pipeline on Melanson Heights. The housing stock is settled detached homes."
"whaley-way-milton","asserts-established","Is Whaley Way new construction or established?","The street sits within Harrison, an established part of Milton. Recorded activity is limited, so the housing stock reads as settled rather than newly built."
"maquire-terrace-milton","disclaims-then-asserts-established","Is Maquire Terrace new construction or established?","The street's recorded stock is semi-detached, consistent with the surrounding Coates area. No build-year data is available for the street itself. The neighbourhood context suggests an established setting rather than active new construction."
"babcock-crescent-milton","asserts-established","Is Babcock Crescent new construction or established?","Babcock Crescent is an established street within Dempsey, with detached homes rather than an active building phase. There is no new-construction activity recorded on the street itself."
"hazel-way-milton","other","Is Hazel Way new construction or established?","Hazel Way sits within Cobban, a newer Milton neighbourhood, and the townhouse stock recorded on the street is consistent with that. There is no indication of active new-build construction on the street itself. The area reads as recently built rather than still under development."
"no-1-side-road-milton","asserts-established","Is No 1 Side Road new construction or established?","The street reads as established rather than new construction, with detached homes forming the existing stock."
"stagg-garden-milton","asserts-established","Is Stagg Garden new construction or established?","The street reads as established rather than new. Its recorded stock is detached housing, and there is no active new-build presence in the data."
"nunn-court-milton","asserts-established","Is Nunn Court new construction or established?","Nunn Court is an established court within the Scott neighbourhood, not a new-build street."
"sauble-court-milton","asserts-established","Is Sauble Court new construction or established?","Sauble Court is an established street rather than a new-build site. The homes are townhouse in form and the surrounding Bowes area is fully built out. There is no active new-construction activity recorded on the street."
"peregrine-way-milton","asserts-established","Is Peregrine Way new construction or established?","Peregrine Way is an established street within the Scott area, with detached homes and no active new-build activity recorded. The surrounding neighbourhood has been built out for some time."
"plum-place-milton","asserts-established","Is Plum Place new construction or established?","Plum Place sits within Cobban, a part of Milton that has built out over the past decade and a half. The street itself is short and fully built, with no active development on it. It reads as an established pocket rather than a site still under construction."
"portch-gate-milton","disclaims-then-asserts-established","Is Portch Gate new construction or established?","The input carries no build-year or construction-era data for Portch Gate, so the street cannot be classified as new or established from the available facts. The gate typology and Scott neighbourhood position are the only structural signals present."
"switzer-crescent-milton","asserts-established","Is Switzer Crescent new construction or established?","The street is part of the established Coates fabric rather than an active new-build site. No builder is identified in the available information, so the construction story is best read from the homes themselves."
"monaghan-crescent-milton","other","Is Monaghan Crescent new construction or established?","There is no new-construction activity recorded on the crescent."
"chandler-crescent-milton","asserts-established","Is Chandler Crescent new construction or established?","Chandler Crescent is an established street within the Scott area of Milton. The housing stock is entirely detached, consistent with the surrounding neighbourhood. No new-build activity is recorded on the street itself."
"wallbrook-crescent-milton","asserts-established","Is Wallbrook Crescent new construction or established?","Wallbrook Crescent is an established residential crescent within the Beaty neighbourhood, not a new-build site."
"britton-crescent-milton","asserts-established","Is Britton Crescent new construction or established?","Britton Crescent sits within Ford, one of Milton's east-side residential pockets that filled in during the neighbourhood's build-out phase. It reads as an established residential street today rather than active new construction, with the surrounding area's amenities and schools already in place."
"15-side-road-milton","asserts-established","Is 15 Side Road new construction or established?","The street is established."
"10-side-road-milton","asserts-established","Is 10 Side Road new construction or established?","The road is established rural residential, not a new-build enclave. Homes along it sit on larger parcels typical of the Rural Milton West area. There is no active subdivision development on the street itself."
"valleyview-crescent-milton","asserts-established","Is Valleyview Crescent new construction or established?","Valleyview Crescent is an established street within Old Milton rather than a new-build pocket. The surrounding area was largely built out well before the recent expansion at Milton's edges. There is no active new construction recorded on the crescent itself."
"walnut-landing-milton","asserts-established","Is Walnut Landing new construction or established?","The street's recorded stock is townhouse, and the surrounding Cobban area is built out rather than active construction. No new-build activity appears in the street's recent record."
"sales-court-milton","asserts-established","Is Sales Court new construction or established?","Sales Court is an established court in the Harrison area, with no active new-build activity recorded. The street's form and position suggest a settled pocket rather than a new development. No builder is identified in the available information."
"hood-terrace-milton","asserts-established","Is Hood Terrace new construction or established?","Hood Terrace sits within Coates, one of the newer residential pockets in west Milton, and the housing stock reads as established rather than actively under construction. Active listings are limited and recent sale volume is low, which is common for a short terrace. There is no ongoing new-build program on the street itself."
"ware-crescent-milton","asserts-established","Is Ware Crescent new construction or established?","The street's recorded stock is detached housing with no indication of recent build activity. It reads as an established pocket within Harrison rather than a new-build street. There is no builder information available for Ware Crescent."
"speck-crossing-milton","asserts-established","Is Speck Crossing new construction or established?","No active new-build program is recorded on Speck Crossing. The surrounding area reads as established residential fabric."
"sideroad-10-milton","asserts-established","Is Side Road new construction or established?","Side Road is an established rural road, not a new-build street. There is no active construction pipeline recorded for it. The surrounding area is long-settled farmland and rural residential."
"sinclair-boulevard-milton","asserts-established","Is Sinclair Boulevard new construction or established?","Sinclair Boulevard sits within the established Dempsey area of Milton rather than an active new-build phase. The surrounding street grid and services are in place."
"second-line-nassagaweya-milton","other","Is Second Line Nassagaweya new construction or established?","There is no active new-construction presence on the street."
"stevenson-street-milton","asserts-established","Is Stevenson Street new construction or established?","The street's recorded stock is detached, and the surrounding Beaty area is a settled part of Milton rather than a new-build pocket. There is no active construction pipeline reflected in the data for Stevenson Street. The street reads as part of the established fabric of the neighbourhood."
"rutledge-way-milton","disclaims-only","Is Rutledge Way new construction or established?","There is no build-year or construction-era data available for Rutledge Way, so that cannot be stated with confidence. The street sits within Brookville/Haltonville, an area with a long-standing rural and village character. A visit is the most reliable way to judge the age of the homes."
"potts-terrace-milton","asserts-established","Is Potts Terrace new construction or established?","The street is established, with detached homes forming the built-out stock. There's no active new-build activity recorded here."
"burdock-court-milton","asserts-established","Is Burdock Court new construction or established?","The street reads as established, with detached housing and no active new-build activity recorded. There is no builder data available for Burdock Court."
"charles-street-milton","asserts-established","Is Charles Street new construction or established?","Charles Street is an established Old Milton address rather than a new-build street. Its recorded housing stock is detached, consistent with the older fabric of the surrounding neighbourhood."
"crawford-crescent-milton","asserts-established","Is Crawford Crescent new construction or established?","The street is established, with detached homes and a small number of recent sales. There is no active new-build program on Crawford Crescent. The surrounding Campbellville area is similarly settled."
"detlor-heights-milton","asserts-established","Is Detlor Heights new construction or established?","Detlor Heights sits within the established Walker neighbourhood, surrounded by existing residential streets and parks. There is no active new-build pipeline recorded on the street itself."
"conservation-road-milton","asserts-established","Is Conservation Road new construction or established?","The street reads as established rather than new. There is no active new-build activity on Conservation Road itself. The housing stock is detached and has been in place for some time."
"brush-road-milton","disclaims-then-asserts-established","Is Brush Road new construction or established?","The data available does not carry construction dates for Brush Road, so the street's build era cannot be stated. Dempsey as a whole is an established part of Milton rather than a new-build pocket. A look at the streetscape gives a clearer answer than any summary."
"dinsmore-drive-milton","asserts-established","Is Dinsmore Drive new construction or established?","Dinsmore Drive sits within Beaty, a neighbourhood that has been built out for some time rather than an active new-build site. The street itself shows no signs of ongoing construction. Its character is that of a settled residential road."
"edison-court-milton","asserts-established","Is Edison Court new construction or established?","Edison Court is an established residential court within Dorset Park, not a new-build street. Its position, a short contained address off the surrounding grid, reflects that. No active new-construction activity is recorded on the street."
"hume-way-milton","asserts-established","Is Hume Way new construction or established?","Hume Way is an established street within the Beaty neighbourhood, not a new-build site. The homes recorded here are detached, consistent with the surrounding area. There is no active construction pipeline on the street itself."
"reid-side-road-milton","disclaims-then-asserts-established","Is Reid Side Road new construction or established?","The input carries no build-year data for Reid Side Road, so the street's age profile cannot be stated. What can be said is that the surrounding Rural Milton West area is long-established rural land rather than a new subdivision frontier. Any specific build date should be verified property by property."
"doran-crescent-milton","asserts-established","Is Doran Crescent new construction or established?","Doran Crescent sits within the established Ford area of Milton, surrounded by existing residential streets and parks. There is no active new-build program on the street itself. The surrounding neighbourhood has been built out for some time."
"whetham-heights-milton","asserts-established","Is Whetham Heights new construction or established?","The street's recorded stock is semi-detached homes, a form that in Milton generally points to established rather than new-build construction. There is no active new-construction activity recorded on Whetham Heights. The street reads as a settled pocket within Harrison."
"pollock-gate-milton","asserts-established","Is Pollock Gate new construction or established?","The street sits within Beaty, a neighbourhood that has been built out rather than one still under active development. No new-build pipeline is recorded for Pollock Gate itself. The surrounding area reads as established residential fabric."
"powys-street-milton","disclaims-then-asserts-established","Is Powys Street new construction or established?","The available data does not carry build-year information for Powys Street, so that question cannot be answered from what is published. The street sits within Clarke, an area with a long-established residential footprint. A direct look at the street is the better way to judge its character."
"moreau-lane-milton","asserts-established","Is Moreau Lane new construction or established?","Moreau Lane is an established lane within the Coates neighbourhood, not a new-build street. The surrounding area has been built out for some time. There is no active construction pipeline on the street itself."
"meadowland-crescent-milton","asserts-established","Is Meadowland Crescent new construction or established?","The street reads as established rather than new. There is no active construction or builder presence recorded here. The housing stock is settled detached homes."
"norris-circle-milton","asserts-established","Is Norris Circle new construction or established?","Norris Circle is an established street within Beaty, not a new-build site. The homes here are detached and the street has been part of the neighbourhood fabric for some time."
"king-street-milton","asserts-established","Is King Street new construction or established?","King Street sits within Old Milton, an established part of town, and the street itself shows no recent recorded sales activity. That points to a settled street rather than a new build corridor. The surrounding neighbourhood is largely older housing stock."
"peacock-lane-milton","asserts-established","Is Peacock Lane new construction or established?","Peacock Lane sits within Beaty, an established part of Milton with a settled residential fabric. There is no active new-build activity recorded on the street itself. The surrounding area has been built out for some time."
"winn-trail-milton","asserts-established","Is Winn Trail new construction or established?","Winn Trail sits within Coates, one of Milton's newer west-end residential areas, so the surrounding streets are largely built out rather than actively under construction. No new-build activity is recorded on the street itself. The area reads as an established pocket within a subdivision that is itself relatively recent."
"primrose-crescent-milton","asserts-established","Is Primrose Crescent new construction or established?","Primrose Crescent sits within the established Walker neighbourhood, and the street itself shows no active new-build activity in the current data. A visit will show the street's actual condition more clearly than any summary can."
"rottenburg-court-milton","asserts-established","Is Rottenburg Court new construction or established?","Rottenburg Court is an established court within Willmott, not a new-build site. There is no builder pipeline attached to the address."
"fifth-line-milton","asserts-established","Is Fifth Line new construction or established?","The street reads as established rural Milton rather than a new-build corridor. Its detached stock and low turnover point to a settled line rather than an active development site. No builder pipeline is attached to this address."
"clarkson-gate-milton","asserts-established","Is Clarkson Gate new construction or established?","Clarkson Gate is an established street within the Ford area, not a new-build enclave. The housing stock is detached and settled rather than under active development. There is no builder attribution available for the street."
"bronson-terrace-milton","asserts-established","Is Bronson Terrace new construction or established?","The street's recent sales are all townhouses, and the surrounding Ford area has a settled feel with established streets and parks. The street reads as part of Milton's established western fabric rather than a new-build enclave."
"amos-drive-milton","asserts-established","Is Amos Drive new construction or established?","Amos Drive is part of the established rural fabric of Brookville/Haltonville rather than a new subdivision. Homes here turn over slowly and sit on larger rural parcels typical of the area."
"urell-way-milton","disclaims-then-asserts-established","Is Urell Way new construction or established?","The recorded stock on Urell Way is semi-detached, and the street reads as part of the established Harrison fabric rather than an active build site. Buyers should verify the age of any specific home directly."
"izumi-gate-milton","asserts-established","Is Izumi Gate new construction or established?","Izumi Gate is an established townhouse street with a small number of recorded sales. There is no active new-build pipeline on the street in the current data. The housing stock is settled rather than under construction."
"norrington-place-milton","asserts-established","Is Norrington Place new construction or established?","The street reads as established rather than new build, sitting within the built fabric of Dempsey. There is no active construction pipeline on Norrington Place itself. The surrounding neighbourhood is largely settled."
"marshall-crescent-milton","asserts-established","Is Marshall Crescent new construction or established?","The street is established, with detached homes forming the housing stock. There is no indication of active new construction on Marshall Crescent itself."
"bardoe-crescent-milton","asserts-established","Is Bardoe Crescent new construction or established?","Bardoe Crescent reads as an established street rather than an active new-build site."
"tea-landing-milton","asserts-established","Is Tea Landing new construction or established?","Tea Landing sits within Cobban, a neighbourhood that has built out over the past decade. The street itself carries detached housing consistent with that period."
"milton-heights-crescent-milton","asserts-established","Is Milton Heights Crescent new construction or established?","The street is established rather than new build, with detached homes and no active construction recorded. Turnover is low, which is typical of a small crescent in this part of Milton North. The housing stock here is settled."
"marks-street-milton","disclaims-only","Is Marks Street new construction or established?","The available data does not carry build-year or construction-era information for Marks Street, so that question cannot be answered from what is published here. The street sits within Harrison, a neighbourhood with a mix of housing ages. Confirming the era of any specific home would require a direct look at the property."
"redbud-garden-milton","asserts-established","Is Redbud Garden new construction or established?","Redbud Garden reads as an established street rather than an active construction site. The townhouse form is consistent throughout, with no indication of ongoing build-out. For build year and lot details on a specific home, that information sits with the property record rather than the street."
"watson-terrace-milton","asserts-established","Is Watson Terrace new construction or established?","Watson Terrace is established, with the detached housing already in place and no active new-build listings on the street. Buyers here are looking at resale, not pre-construction."
"bastedo-court-milton","asserts-established","Is Bastedo Court new construction or established?","Bastedo Court sits within Dorset Park, an established part of Milton with a settled street pattern. No active new-build program is recorded on the street itself. The surrounding area has been built out for some time."
"buckeye-court-milton","asserts-established","Is Buckeye Court new construction or established?","The street is established, with townhomes that have been part of the Cobban fabric for some time. There is no active new-build program on the court itself."
"pineridge-drive-milton","asserts-established","Is Pineridge Drive new construction or established?","Pineridge Drive is an established rural street in Rural Nassagaweya. There is no active new-build activity recorded on the street."
"abbott-street-milton","asserts-established","Is Abbott Street new construction or established?","Abbott Street is an established street within the Dempsey neighbourhood. The homes are predominantly detached, and the street has seen little recent turnover."
"hickory-crescent-milton","disclaims-then-asserts-established","Is Hickory Crescent new construction or established?","The record does not carry build years for Hickory Crescent, so no era can be stated with confidence. What is known is that the street's stock is townhouse and that recent activity is minimal. A reader weighing new against established should verify directly rather than rely on inference."
"kitchen-court-milton","asserts-established","Is Kitchen Court new construction or established?","Kitchen Court reads as an established residential court rather than a new-build site, with detached homes and no active development pipeline visible in the record. Buyers wanting new construction would be looking at other parts of Milton."
"dills-crescent-milton","asserts-established","Is Dills Crescent new construction or established?","Dills Crescent is an established street within Dempsey, with no active new-build activity recorded on it. The homes present are resale stock rather than recent construction."
"bowell-crescent-milton","asserts-established","Is Bowell Crescent new construction or established?","The street shows no recent sale or lease activity, which is consistent with an established address rather than an active new-build release. There is no builder data attached to Bowell Crescent, so no construction name can be given. The surrounding Ford area is the context for the street's age profile."
"chamomile-crescent-milton","asserts-established","Is Chamomile Crescent new construction or established?","Chamomile Crescent is an established street within the Walker neighbourhood, not a new-build site. The detached homes here are part of Milton's settled western fabric."
"chestnut-heights-milton","asserts-established","Is Chestnut Heights new construction or established?","The street reads as established rather than an active build site. There is no new-construction pipeline attached to it in the current picture. The housing form is detached, consistent with the surrounding Cobban fabric."
"frobisher-boulevard-milton","asserts-established","Is Frobisher Boulevard new construction or established?","The street sits within Dorset Park, an established part of Milton with mature surrounding streets. No active building program is recorded on Frobisher Boulevard itself."
"dixon-drive-milton","asserts-established","Is Dixon Drive new construction or established?","The street itself carries no active new-build activity in the current records. It reads as an established pocket rather than a new release."
"muskoka-heights-milton","asserts-established","Is Muskoka Heights new construction or established?","The street reads as established, with detached homes and low turnover rather than active building. There is no new-construction activity recorded on it."
"lowe-lane-milton","asserts-established","Is Lowe Lane new construction or established?","Lowe Lane is an established lane with detached homes and no active new-build activity recorded. The street is short and built out. There is nothing to suggest ongoing construction."
"shade-lane-milton","asserts-established","Is Shade Lane new construction or established?","Shade Lane is an established lane within the Ford area of Milton rather than an active new-build site. The stock recorded for it is townhouse in form. No builder is identified for the street in the available information."
"waldie-avenue-milton","asserts-established","Is Waldie Avenue new construction or established?","Waldie Avenue sits within Clarke, an established part of Milton rather than a new-build pocket. There is no indication of new construction on the street itself."
"chambers-place-milton","asserts-established","Is Chambers Place new construction or established?","Chambers Place reads as an established street within Beaty rather than a new build. The housing stock is detached and the surrounding area is built out. There is no active construction pipeline recorded for the street."
"mccartney-crescent-milton","asserts-established","Is McCartney Crescent new construction or established?","McCartney Crescent reads as an established Milton crescent rather than a new-build site. The recorded stock is detached housing, and there is no active new construction on the street."
"lear-gate-milton","asserts-established","Is Lear Gate new construction or established?","Lear Gate is an established street in Willmott rather than a site still under development. The surrounding area is built out, with parks and schools already in place."
"twiss-road-milton","asserts-established","Is Twiss Road new construction or established?","Twiss Road is an established rural road in Campbellville, not a new-construction subdivision. Properties along it reflect the settled, country character of this part of Milton rather than recent tract development."
"arthurs-way-milton","asserts-established","Is Arthurs Way new construction or established?","Arthurs Way is an established street within the Beaty neighbourhood, not a new-build site. The surrounding area has been built out for some time. Any new construction would be an individual infill rather than part of a broader development."
"culcastle-drive-milton","asserts-established","Is Culcastle Drive new construction or established?","The street reads as established rather than new construction, with the surrounding Bowes area built out. There is no active new-build activity recorded on Culcastle Drive itself."
"chilver-heights-milton","asserts-established","Is Chilver Heights new construction or established?","The street's recorded activity points to established detached housing rather than a new-build phase. There is no active construction pipeline visible in the data. Buyers should expect resale stock rather than builder inventory."
"ollerenshaw-point-milton","asserts-established","Is Ollerenshaw Point new construction or established?","The street reads as established rather than new build, with detached homes and no active construction recorded. There is nothing in the current stock to suggest a new phase is underway. Buyers wanting new construction would be looking at other parts of Milton."
"elm-avenue-milton","asserts-established","Is Elm Avenue new construction or established?","Elm Avenue is an established Old Milton street, not a new-build pocket. The surrounding neighbourhood carries the older street pattern and mature setting typical of that part of town. There is no active new construction on the street itself."
"onley-lane-milton","asserts-established","Is Onley Lane new construction or established?","Onley Lane sits within Willmott, an established Milton neighbourhood with a settled street pattern. There is no active new-build program on the street itself. The surrounding area has been built out for some time."
"buck-drive-milton","asserts-established","Is Buck Drive new construction or established?","Buck Drive sits within the established Dempsey area, where the surrounding street grid and housing stock have been in place for some time. There is no active new-build phase recorded on the street itself."
"given-lane-milton","asserts-established","Is Given Lane new construction or established?","The lane sits within the established Scott area of Milton, surrounded by streets that have been part of the town for some time. There is no indication of active new-build development on the lane itself."
"jarvie-crescent-milton","asserts-established","Is Jarvie Crescent new construction or established?","The street reads as established rather than new build. Build-era detail is not published for this street."
"fireweed-gate-milton","asserts-established","Is Fireweed Gate new construction or established?","The street carries no new-construction signal in its record; the activity on file is resale. That places it among Milton's established residential rows rather than an active build."
"livock-trail-milton","disclaims-then-asserts-established","Is Livock Trail new construction or established?","No recent sales are recorded on the street, so its build era cannot be established from transaction activity. The surrounding Coates area is largely built out rather than an active construction zone."
"pearen-avenue-milton","asserts-established","Is Pearen Avenue new construction or established?","Pearen Avenue sits within Timberlea, a neighbourhood whose housing stock is largely built out rather than actively under construction. The street reads as part of that established fabric. New-build activity in Milton tends to cluster in newer pockets rather than here."
"mara-circle-milton","asserts-established","Is Mara Circle new construction or established?","Mara Circle is an established residential street in Beaty. There is no active new-build activity recorded on the street. The surrounding neighbourhood is fully built out."
"tight-court-milton","asserts-established","Is Tight Court new construction or established?","The court is established, with its recorded stock dating to the townhouse form typical of the Willmott area. There is no active new-build program on the street itself."
"tamarack-point-milton","asserts-established","Is Tamarack Point new construction or established?","Tamarack Point sits within Cobban, a neighbourhood that has taken shape over the past decade and a half. The street itself is part of that established residential build-out rather than an active construction site."
"treend-place-milton","asserts-established","Is Treend Place new construction or established?","The street is established rather than new construction, with detached housing as the recorded form. There is no active building pipeline on the street itself."
"hamman-way-milton","asserts-established","Is Hamman Way new construction or established?","Hamman Way is an established street within the Ford area. The homes here are semi-detached, consistent with the surrounding neighbourhood. There is no indication of active new-build development on the street itself."
