slug,template,surfaces,terms,subject,text
"beaty","hub","hero ld-place sec:overview","I1 established","street/area","Beaty is one of Milton's established residential pockets, a neighbourhood whose streets carry the settled rhythm of a community that has had time to grow into itself."
"beaty","hub","sec:overview","I1 established","street/area","Daily life in Beaty has the texture of an established neighbourhood: errands sit close at hand, green space is part of the fabric rather than an afterthought, and the streets carry a steady residential hum."
"beaty","hub","sec:overview","I1 established","street/area","Beaty tends to suit buyers who want an established Milton neighbourhood with a genuine mix of housing options and a settled, residential feel."
"beaty","hub","sec:overview","I3 newer; I4 new-build","elsewhere","The trade-off is that Beaty is not a blank slate: those looking for brand-new construction or a neighbourhood still forming around them may prefer a newer pocket elsewhere in town."
"beaty","hub","sec:overview","I1 established","street/area","For buyers who want continuity, established neighbours, and a range of home types within one area, the fit is straightforward."
"beaty","hub","faq","I1 established","street/area","Beaty has the feel of an established residential neighbourhood, with a mix of housing types and a settled, day-to-day rhythm."
"beaty","hub","faq","I11 growth-history","street/area","It is not a place that announces itself; it is a community that has grown into itself over time."
"beaty","hub","faq","I1 established; I10 settled-history","street/area","It tends to suit buyers who want an established Milton neighbourhood with a range of housing options and a settled feel."
"beaty","hub","faq","I3 newer; I4 new-build","elsewhere","Those looking for brand-new construction or a neighbourhood still forming may prefer a newer pocket elsewhere in town."
"bowes","hub","hero ld-place sec:overview","I1 established","street/area","Bowes is one of Milton's established residential pockets, a neighbourhood whose streets carry the settled rhythm of a community that has had time to grow into itself."
"bowes","hub","sec:overview","I1 established; I3 newer; I10 settled-history","street/area","Bowes is a natural fit for buyers who want an established Milton neighbourhood with a genuine mix of housing types, and who value a settled residential character over the newest construction."
"bowes","hub","sec:overview","I4 new-build","elsewhere","The trade-off is straightforward: this is not a neighbourhood of constant reinvention, and buyers seeking a brand-new build or a fast-changing streetscape will look elsewhere."
"bowes","hub","faq","I1 established","street/area","Bowes reads as an established residential pocket with a settled, family-oriented rhythm."
"bowes","hub","faq","I1 established; I4 new-build; I10 settled-history","street/area","It suits buyers who want an established Milton neighbourhood with a genuine mix of housing types, and who value settled character over new construction."
"bowes","hub","faq","I4 new-build","elsewhere","Buyers seeking a brand-new build or a fast-changing streetscape will likely look elsewhere."
"bronte-meadows","hub","hero ld-place sec:overview","I1 established; I9 age words","street/area","Bronte Meadows is one of Milton's established residential pockets, a neighbourhood whose character has been shaped over decades rather than a single building cycle."
"bronte-meadows","hub","sec:overview","I10 settled-history","street/area","Its position within Milton places it among the town's more grounded, long-standing residential areas, the kind of neighbourhood that anchors the centre of the local map rather than sitting at its growing edge."
"bronte-meadows","hub","sec:overview","I1 established","street/area","That established footing gives Bronte Meadows a distinct place in the wider city, and it is the context the market sections below build on."
"bronte-meadows","hub","sec:overview","I1 established","street/area","Daily life in Bronte Meadows has the texture of an established residential neighbourhood, where the ordinary rhythm of errands, school runs, and time outdoors sits close at hand."
"bronte-meadows","hub","sec:overview","I1 established; I4 new-build; I10 settled-history","street/area","Bronte Meadows tends to suit buyers who want the settled feel of an established Milton neighbourhood and are comfortable with a housing stock that spans several eras rather than a single new-build phase."
"bronte-meadows","hub","sec:overview","I4 new-build","street/area","It is a natural fit for households looking for a grounded, residential setting where the community has had time to take shape, and who value that continuity over the polish of a brand-new subdivision."
"bronte-meadows","hub","sec:overview","I3 newer; I6 construction-state","street/area","The trade-off is the flip side of the same quality: buyers seeking uniform, recently built homes or the newest streets on the edge of town may find the mix here less predictable."
"bronte-meadows","hub","faq","I1 established; I3 newer","street/area","Neighbourhoods on the town's newer edges tend to run higher, while some of the more established pockets sit lower, so the area reads as a mid-range option within the wider city."
"bronte-meadows","hub","faq","I1 established","street/area","It is an established residential neighbourhood with a settled, low-friction rhythm to daily life."
"bronte-meadows","hub","faq","I1 established","street/area","It tends to suit buyers who want the grounded feel of an established Milton neighbourhood and are comfortable with a housing mix that spans several eras."
"bronte-meadows","hub","faq","I3 newer; I4 new-build","street/area","Those seeking uniform new construction may find the newer edges of town a closer fit."
"campbellville","hub","sec:overview","I3 newer; I7 older","street/area","Lots tend to be generous, the pace is unhurried, and the mix runs from older village properties to newer homes on larger parcels at the edge of the settlement."
"campbellville","hub","sec:market","I7 older","street/area","That spread is wide because the housing stock is wide: modest older houses and substantial country properties sit in the same pool, so the range says more about variety than about volatility."
"clarke","hub","hero ld-place sec:overview","I1 established","street/area","Clarke is one of Milton's established residential pockets, a neighbourhood whose character comes from the steady rhythm of a community that has had time to settle into itself."
"clarke","hub","sec:overview","I2 mature","street/area","Streets here carry the feel of a place built for daily life rather than for spectacle: modest frontages, mature trees, and the kind of quiet that comes from residents who have put down roots."
"clarke","hub","sec:overview","I3 newer","street/area","Within Milton's fabric, Clarke sits as a central, grounded counterpoint to the newer growth pushing outward at the town's edges."
"clarke","hub","sec:overview","I1 established","street/area","This is a pocket where the daily pattern is established rather than emerging, with the texture of a community that has long since found its rhythm."
"clarke","hub","sec:overview","I1 established; I2 mature; I4 new-build","street/area","Clarke is a natural fit for buyers who want an established neighbourhood with a settled rhythm and are content to trade the polish of new construction for the character of a place that has already matured."
"clarke","hub","sec:overview","I3 newer","elsewhere","The trade-off is straightforward: those drawn to newer streetscapes, the latest finishes, or the sense of being first into a growing area will find Clarke's appeal lies elsewhere."
"clarke","hub","faq","I1 established","street/area","Clarke is an established residential pocket with a settled, everyday rhythm."
"clarke","hub","faq","I1 established; I2 mature; I4 new-build","street/area","It suits buyers who want an established neighbourhood with a grounded character and a central position within Milton, and who are content to trade the polish of new construction for a place that has already matured."
"coates","hub","hero ld-place sec:overview","I3 newer","street/area","Coates is one of Milton's newer-growth pockets, a neighbourhood shaped by the steady westward expansion that has defined the town's southern edge over the past two decades."
"coates","hub","sec:overview","I3 newer","street/area","Daily life in Coates runs on the practical rhythms of a newer suburban neighbourhood."
"coates","hub","sec:overview","I3 newer","street/area","Coates is a natural fit for buyers who want a newer home in a settled, family-oriented pocket and are comfortable with the trade-offs that come with it."
"coates","hub","sec:overview","I1 established; I7b older-comma","street/area","It is less suited to buyers chasing the character of an older, established core or the immediacy of a dense urban centre."
"coates","hub","sec:overview","I3 newer","street/area","The trade-off is straightforward: newer stock and a calm residential feel, in exchange for a location that is residential first and everything else second."
"coates","hub","faq","I3 newer","street/area","Coates has the feel of a newer suburban neighbourhood that has settled into itself."
"coates","hub","faq","I3 newer","street/area","It suits buyers looking for newer housing stock in a calm, residential pocket, particularly first-time buyers and growing families drawn to the townhome and semi segment."
"coates","hub","faq","I7 older","street/area","It is less suited to those seeking the character of an older core or a dense urban setting."
"cobban","hub","hero ld-place sec:overview","I3 newer","street/area","Cobban is one of Milton's newer-growth pockets, a neighbourhood that has taken shape over the past decade and still carries the feel of a place finding its final form."
"cobban","hub","sec:overview","I1 established; I3 newer","street/area","Within Milton, Cobban sits as a younger counterpart to the established central neighbourhoods, drawing buyers who want newer construction and a settled, low-traffic street feel without leaving the town's core."
"cobban","hub","sec:overview","I9 age words","street/area","It is a pocket defined less by history than by consistency: a single era of building, a coherent streetscape, and a residential character that holds from one end to the other."
"cobban","hub","sec:overview","I2 mature; I3 newer; I6 construction-state","street/area","Cobban is a natural fit for buyers who want newer construction in a settled, low-traffic setting and are comfortable with a neighbourhood that is still maturing around them."
"cobban","hub","sec:overview","I1 established; I7 older","street/area","The trade-off is one of character rather than convenience: Cobban does not carry the layered, established feel of Milton's older central pockets, and buyers who prize that depth of history over consistency of build may find the fit less immediate."
"cobban","hub","faq","I3 newer","street/area","Cobban is a newer-growth, residential pocket with a calm, low-traffic street pattern built around crescents and terraces."
"cobban","hub","faq","I2 mature; I3 newer; I6 construction-state","street/area","It suits buyers who want newer construction in a settled, quiet setting and are comfortable with a neighbourhood still maturing around them."
"cobban","hub","faq","I7 older","street/area","Those who prize the layered feel of Milton's older central pockets may find the fit less immediate."
"dempsey","hub","hero ld-place sec:overview","I1 established; I11 growth-history","street/area","Dempsey is one of Milton's established central pockets, a neighbourhood whose streets carry the settled rhythm of a community that filled in years ago rather than one still being drawn."
"dempsey","hub","sec:overview","I1 established","street/area","For buyers weighing where in Milton to land, Dempsey sits in the established middle of the map, and the market sections that follow describe what that has meant in practice."
"dempsey","hub","sec:overview","I1 established","street/area","Everyday life in Dempsey runs on the ordinary conveniences of an established Milton pocket: errands close at hand, green space woven into the residential grid, and the sense that the neighbourhood was planned around living rather than around through-traffic."
"dempsey","hub","sec:overview","I1 established","street/area","Dempsey is a natural fit for buyers who want an established Milton address with genuine choice in housing form, and who value a neighbourhood that already works over one still taking shape."
"dempsey","hub","sec:overview","I4 new-build","street/area","The trade-off is the one that comes with maturity: less new-build inventory, and a housing stock that varies street by street."
"dempsey","hub","sec:overview","I10 settled-history","street/area","Buyers who accept that variety, and who prefer settled character to a blank slate, tend to find Dempsey a comfortable long-term fit."
"dempsey","hub","faq","I1 established","street/area","Dempsey is an established central Milton pocket with a settled, lived-in rhythm."
"dempsey","hub","faq","I1 established","street/area","It suits buyers who want an established Milton address with real choice in housing form."
"dempsey","hub","faq","I4 new-build","street/area","The trade-off is less new-build inventory and a housing stock that varies street by street."
"dorset-park","hub","hero ld-place sec:overview","I1 established; I3 newer","street/area","Dorset Park is one of Milton's established central pockets, a neighbourhood whose shape was largely set before the town's newer growth pushed outward."
"dorset-park","hub","sec:overview","I2 mature","street/area","The streets here carry the quiet confidence of a place that has already settled into itself: mature trees, a mix of housing types, and a rhythm that belongs to residents rather than to passing traffic."
"dorset-park","hub","sec:overview","I7b older-comma","street/area","It sits among the older, more grounded parts of the community, close to the everyday life of the town while retaining a character distinctly its own."
"dorset-park","hub","sec:overview","I3 newer","elsewhere","For buyers weighing where in Milton to land, Dorset Park offers a settled alternative to the newer edges."
"dorset-park","hub","sec:overview","I1 established","street/area","Green space is part of the fabric here, present as a category rather than a destination, and the streets carry the unhurried pace of an established pocket where people have lived for years."
"dorset-park","hub","sec:overview","I1 established; I10 settled-history","street/area","Dorset Park is a natural fit for buyers who want an established Milton neighbourhood with a settled feel and a central position in town."
"dorset-park","hub","sec:overview","I2 mature; I7 older","street/area","It suits those who value a mix of housing types and the texture of a place that has had time to mature, and who are comfortable with the trade-offs that come with older stock: less uniformity, more variation from street to street."
"dorset-park","hub","sec:overview","I3 newer","street/area","It is less suited to buyers chasing the newest finishes or the predictability of a fresh subdivision."
"dorset-park","hub","faq","I1 established","street/area","Dorset Park is an established central Milton neighbourhood with a settled, residential feel."
"dorset-park","hub","faq","I2 mature","street/area","Daily life runs on ordinary conveniences close at hand, and the streets carry the unhurried pace of a pocket that has had time to mature."
"dorset-park","hub","faq","I1 established","street/area","It suits buyers who want an established Milton neighbourhood with a central position and a mix of housing types."
"dorset-park","hub","faq","I3 newer","street/area","Those chasing the newest finishes or a uniform subdivision may find it less of a fit."
"ford","hub","hero ld-place sec:overview","I1 established","street/area","Ford is one of Milton's established residential pockets, a neighbourhood whose character has been shaped over years rather than months."
"ford","hub","sec:overview","I1 established","street/area","Daily life here has the texture of an established neighbourhood: errands sit close at hand, green space is part of the ordinary backdrop rather than a destination, and the rhythm of the streets is set by residents going about their routines."
"ford","hub","sec:overview","I1 established","street/area","Ford tends to suit buyers who want an established setting and are comfortable with the trade-offs that come with it."
"ford","hub","sec:overview","I10 settled-history","street/area","Households looking for a neighbourhood with a settled feel, a range of housing types, and a location woven into Milton's central fabric are a natural fit."
"ford","hub","sec:overview","I3 newer; I4 new-build","elsewhere","Those who prioritise brand-new construction, or who want the newest of everything, may find their attention drawn elsewhere."
"ford","hub","faq","I1 established; I10 settled-history","street/area","Ford has the settled feel of an established Milton neighbourhood, with everyday errands close at hand and green space woven into the ordinary rhythm of the streets."
"ford","hub","faq","I1 established","street/area","It suits buyers who want an established setting and a range of housing types within Milton's central fabric."
"ford","hub","faq","I4 new-build","elsewhere","Those seeking brand-new construction may look elsewhere; the trade-off here is maturity in exchange for newness."
"harrison","hub","hero ld-place sec:overview","I1 established","street/area","Harrison is one of Milton's established residential pockets, a neighbourhood whose character has been shaped over years rather than months."
"harrison","hub","sec:overview","I1 established; I2 mature","street/area","That position gives it a particular role in the local market: a neighbourhood that appeals to buyers seeking something established, with the variety and depth that only comes from a community that has matured over time."
"harrison","hub","sec:overview","I1 established","street/area","Daily life in Harrison has the texture of an established neighbourhood, where the routines of errands, school runs, and weekend walks fall into a familiar pattern."
"harrison","hub","sec:overview","I1 established; I4 new-build","street/area","Harrison tends to suit buyers who value an established setting over a brand-new one, and who want a neighbourhood with a settled, family-oriented character."
"harrison","hub","sec:overview","I3 newer","elsewhere","The trade-off is one of pace and predictability: Harrison is not a place of constant reinvention, and buyers looking for the newest builds or the sharpest edge of growth may find their attention drawn elsewhere in Milton."
"harrison","hub","faq","I1 established; I10 settled-history","street/area","Harrison has the settled character of an established Milton neighbourhood, with a family-oriented feel and a steady daily rhythm."
"harrison","hub","faq","I2 mature","street/area","It suits buyers who value a community that has matured rather than one still finding its shape."
"harrison","hub","faq","I1 established","street/area","It tends to suit buyers looking for an established setting with a range of housing types, from first homes to larger family properties."
"harrison","hub","faq","I3 newer","elsewhere","Those seeking the newest builds or the outer edge of Milton's growth may prefer to look elsewhere."
"nassagaweya","hub","hero ld-place sec:overview","I1 established; I13 infill/builder-history","street/area","Nassagaweya is Milton's rural north, a working landscape of large lots, open fields, and long-established farm properties where the pattern of settlement is set by concession lines and side roads rather than by subdivision plans."
"nassagaweya","hub","sec:market","I5 built-out","street/area","Days on market have run long relative to the built-up parts of Milton, which is consistent with a pool where each property is effectively its own market."
"old-milton","hub","hero ld-place sec:overview","I2 mature; I7 older","street/area","Old Milton is the neighbourhood that carries the town's original street grid, a compact pocket of older housing stock and mature trees at the centre of the community."
"old-milton","hub","sec:overview","I9 age words","street/area","Its character comes from age and continuity: houses that have been lived in across generations, lots that predate the surrounding subdivisions, and a street pattern that grew organically rather than being laid out all at once."
"old-milton","hub","sec:overview","I1 established; I3 newer","street/area","Positioned centrally within Milton, Old Milton sits between the town's established core and the newer growth that has spread outward from it."
"old-milton","hub","sec:overview","I4 new-build","street/area","That central placement gives it a distinct role in the local market, neither a new-build corridor nor a peripheral enclave, but the older heart around which much of the rest of Milton has been built."
"old-milton","hub","sec:overview","I7 older","street/area","Daily life here has the texture of an older central neighbourhood."
"old-milton","hub","sec:overview","I7 older","street/area","Homes range from smaller older houses to larger properties on the same grid, which gives the neighbourhood a mixed, lived-in rhythm rather than a uniform one."
"old-milton","hub","sec:overview","I1 established; I7 older; I9 age words","street/area","Old Milton tends to suit buyers who want an established central location and are comfortable with older housing stock, smaller lots, and a street pattern that reflects the town's earlier era."
"old-milton","hub","sec:overview","I3 newer","street/area","It is a natural fit for those who value proximity to the centre of Milton over the uniformity of a newer subdivision, and who accept that homes here may need updating or carry the character of their age."
"old-milton","hub","sec:overview","I4 new-build; I13 infill/builder-history","street/area","It is less suited to buyers seeking new construction, large modern floor plans, or the consistency of a planned community."
"old-milton","hub","sec:market","I2 mature","street/area","That spread is not noise; it reflects a district carrying everything from compact condominium apartments to large detached houses on mature lots."
"old-milton","hub","sec:market","I3 newer","street/area","The mix is what gives Old Milton its range, and buyers arriving from newer subdivisions often find the price ladder here steeper at both ends."
"old-milton","hub","sec:market","I7 older","street/area","A typical sale in the neighbourhood sits near $775,000, against a Milton-wide typical of $925,000, a gap that reflects the neighbourhood's mix of older detached houses, townhouses and a meaningful share of condominium apartments rather than any single tier of stock."
"old-milton","hub","sec:market","I3 newer","street/area","Buyers comparing Old Milton with newer Milton subdivisions should read the aggregate as a composition effect as much as a price signal."
"old-milton","hub","faq","I7 older","street/area","Homes here have been selling in a typical 93 days on market, a pace that reflects the mix of older stock and the range of property types in the neighbourhood."
"old-milton","hub","faq","I2 mature; I7 older","street/area","Old Milton has the feel of an older central neighbourhood: mature trees, a compact street grid, and a mix of housing that has been lived in over time."
"old-milton","hub","faq","I1 established; I3 newer","street/area","Daily life leans toward short trips and a settled, established rhythm rather than the uniformity of a newer subdivision."
"old-milton","hub","faq","I1 established; I7 older; I9 age words","street/area","It tends to suit buyers who want an established central location and are comfortable with older homes, smaller lots, and a street pattern from the town's earlier era."
"old-milton","hub","faq","I4 new-build","street/area","It is less suited to those seeking new construction or large modern floor plans."
"scott","hub","hero ld-place sec:overview","I1 established","street/area","Scott is one of Milton's established pockets, a neighbourhood whose streets carry the texture of a community that grew into its shape rather than being assembled all at once."
"scott","hub","sec:overview","I10 settled-history","street/area","Its position within Milton places it among the town's more settled residential quarters, close enough to the wider fabric of the community to feel connected, yet distinct enough to have its own character."
"scott","hub","sec:overview","I1 established; I3 newer","elsewhere","For buyers weighing where in Milton to land, Scott offers a grounded, established alternative to the newer edges of town."
"scott","hub","sec:overview","I1 established; I2 mature","street/area","The feel is established rather than new, with the mature texture that comes from a community that has had time to settle into itself."
"scott","hub","sec:overview","I1 established","street/area","Scott suits buyers who want an established Milton neighbourhood with a genuine mix of housing types and a settled, residential pace."
"scott","hub","sec:overview","I3 newer; I4 new-build","street/area","The trade-off is that Scott is not a blank slate: those seeking brand-new construction or the newest amenities will find more of that at Milton's growing edges."
"scott","hub","faq","I1 established","street/area","Scott is an established Milton neighbourhood with a settled, residential feel and a genuine mix of housing types."
"scott","hub","faq","I1 established","street/area","It suits buyers who want an established neighbourhood with housing variety and a grounded pace of life."
"scott","hub","faq","I3 newer; I4 new-build","street/area","Those seeking brand-new construction or the newest amenities will find more of that at Milton's growing edges, but for buyers who value texture and history, Scott is a natural fit."
"scott","hub","faq","I1 established","street/area","The neighbourhood's established character, mix of housing types, and residential pace make it a natural fit for families who want a grounded community."
"scott","hub","faq","I10 settled-history","street/area","Buyers drawn to a settled Milton pocket with variety in its housing stock will find Scott accommodating."
"timberlea","hub","hero ld-place sec:overview","I1 established; I3 newer","street/area","Timberlea is one of Milton's established central pockets, a neighbourhood whose character was set well before the town's newer growth pushed outward."
"timberlea","hub","sec:overview","I2 mature; I10 settled-history","street/area","The streets here carry the rhythm of a settled residential district: mature trees, a mix of housing types, and a fabric that has had time to cohere rather than being assembled all at once."
"timberlea","hub","sec:overview","I1 established; I7 older","street/area","Timberlea sits among the town's older residential anchors, and the market sections that follow show what that established character translates to in price and pace."
"timberlea","hub","sec:overview","I1 established","street/area","Timberlea is a natural fit for buyers who want an established central neighbourhood and accept that it will not offer the uniform newness of a recent subdivision."
"timberlea","hub","sec:overview","I4 new-build","street/area","The trade-off is straightforward: less of the polish that comes with new construction, more of the texture that comes with time."
"timberlea","hub","faq","I1 established","street/area","That mix gives buyers a range of entry points within the same established setting."
"timberlea","hub","faq","I1 established; I10 settled-history","street/area","Timberlea has the settled feel of an established central neighbourhood."
"timberlea","hub","faq","I1 established","street/area","It suits buyers who want an established central neighbourhood and accept that it will not offer the uniform newness of a recent subdivision."
"timberlea","hub","meta-handwritten","I1 established","street/area","Street-by-street guide, live listings, and a straight market read on Milton's established central pocket."
"walker","hub","hero ld-place sec:overview","I3 newer; I7 older; I9 age words","street/area","Walker is one of Milton's newer-growth pockets, a neighbourhood whose streets took shape in the recent decades of the town's expansion rather than in its older core."
"walker","hub","sec:overview","I1 established","street/area","The housing mix reflects that: a blend of detached homes, semis and townhouses, with a smaller share of condominium apartments, giving the area a settled-but-still-recent feel rather than the layered history of Milton's established central streets."
"walker","hub","sec:overview","I3 newer","street/area","Daily life in Walker runs on the ordinary conveniences of a newer residential district: errands close at hand, green space woven through the street pattern, and the sense that most of what a household needs in a week sits within a short drive rather than a long one."
"walker","hub","sec:overview","I3 newer","street/area","Walker is a natural fit for buyers who want a newer home in a residential pocket of Milton and are content to trade a little of the town's older-street character for the consistency of recent construction."
"walker","hub","sec:overview","I7 older","elsewhere","The trade-off is familiarity: those who want the layered history and walkable older core of Milton may find Walker a touch uniform, and buyers who prize immediate proximity to major retail or transit nodes will look elsewhere in town."
"walker","hub","faq","I3 newer; I7 older","street/area","Walker is a newer-growth residential pocket of Milton, quieter and more self-contained than the town's older central streets."
"walker","hub","faq","I3 newer","street/area","It suits buyers who want a newer home in a family-oriented Milton neighbourhood and are happy to trade a little of the town's older-street character for the consistency of recent construction."
"walker","hub","faq","I1 established","street/area","It is less suited to buyers who want the layered history and walkable core of Milton's established centre."
"willmott","hub","hero ld-place sec:overview","I3 newer; I7 older","street/area","Willmott is a newer-growth pocket in Milton, the kind of neighbourhood that took shape as the town's residential fabric pushed outward from its older core."
"willmott","hub","sec:overview","I13 infill/builder-history","street/area","Its streets carry the orderly geometry of a planned community, with a mix of housing forms that reads as deliberate rather than incidental, and a rhythm of daily life that still feels recent."
"willmott","hub","sec:overview","I3 newer; I6 construction-state","street/area","Daily life in Willmott runs on the ordinary conveniences of a newer suburban pocket: errands close at hand, green space woven into the street plan, and the quiet rhythm of a neighbourhood still filling in around its residents."
"willmott","hub","sec:overview","I2 mature; I3 newer; I6 construction-state","street/area","Willmott tends to suit buyers who want a newer home in a planned setting and are comfortable with a neighbourhood that is still maturing around them."
"willmott","hub","sec:overview","I1 established; I3 newer","street/area","It is a natural fit for households drawn to a mix of housing forms, where townhouses and detached homes sit within the same broader fabric, and for those who value the predictability of newer construction over the character of an established street."
"willmott","hub","sec:overview","I1 established","street/area","The trade-off is a certain unfinished quality: amenities and community texture continue to develop, and buyers who prefer a settled, long-established pocket may find the pace here less to their taste."
"willmott","hub","faq","I3 newer","street/area","Willmott is a newer-growth neighbourhood with a planned, orderly feel and a practical daily rhythm."
"willmott","hub","faq","I2 mature; I3 newer; I6 construction-state","street/area","It suits households who value newer construction and a setting that is still maturing into its final character."
"willmott","hub","faq","I3 newer; I13 infill/builder-history","street/area","It tends to suit buyers looking for a newer home in a planned community, particularly those comfortable with a neighbourhood that continues to develop around them."
"willmott","hub","faq","I1 established; I10 settled-history","street/area","Buyers seeking a long-established, settled pocket may find the pace here less aligned with their preferences."
