page,clicks,impressions,ctr,position
https://miltonly.com/streets/zilio-terrace-milton,11,177,0.0621,5.4689
https://miltonly.com/streets/gorham-way-milton,5,50,0.1,3.78
https://miltonly.com/streets/restivo-lane-milton,5,64,0.0781,5.6875
https://miltonly.com/streets/15th-side-road-milton,4,104,0.0385,7.2981
https://miltonly.com/streets/hobbs-crescent-milton,4,58,0.069,6.3448
https://miltonly.com/streets/attenborough-terrace-milton,2,48,0.0417,5.9375
https://miltonly.com/streets/broadway-avenue-milton,2,33,0.0606,12.6667
https://miltonly.com/streets/buttercup-court-milton,2,32,0.0625,5.375
https://miltonly.com/streets/dent-terrace-milton,2,86,0.0233,4.9535
https://miltonly.com/streets/etheridge-avenue-milton,2,170,0.0118,6.0529
https://miltonly.com/streets/henderson-road-milton,2,20,0.1,6.55
https://miltonly.com/streets/kingsway-place-milton,2,25,0.08,5.48
https://miltonly.com/streets/milburough-line-milton,2,20,0.1,5.9
https://miltonly.com/streets/ridge-drive-milton,2,8,0.25,5.25
https://miltonly.com/streets/robertson-crescent-milton,2,26,0.0769,6.5
https://miltonly.com/streets/stirling-todd-terrace-milton,2,59,0.0339,4.8305
https://miltonly.com/streets/syer-drive-milton,2,47,0.0426,8.5532
https://www.miltonly.com/streets/fourth-line-milton,2,20,0.1,5.75
https://www.miltonly.com/streets/mckay-crescent-milton,2,17,0.1176,4.4706
https://www.miltonly.com/streets/thornborrow-court-milton,2,5,0.4,3.6
https://miltonly.com/streets/20th-side-road-milton,1,54,0.0185,7.8519
https://miltonly.com/streets/25-side-road-milton,1,49,0.0204,5.898
https://miltonly.com/streets/3-side-road-milton,1,27,0.037,6.7407
https://miltonly.com/streets/apple-terrace-milton,1,79,0.0127,5.7342
https://miltonly.com/streets/banks-crescent-milton,1,13,0.0769,7.0769
https://miltonly.com/streets/baverstock-crescent-milton,1,39,0.0256,7.1282
https://miltonly.com/streets/bell-school-line-milton,1,70,0.0143,7.2
https://miltonly.com/streets/black-drive-milton,1,16,0.0625,5.875
https://miltonly.com/streets/brandon-terrace-milton,1,68,0.0147,7.1912
https://miltonly.com/streets/celandine-terrace-milton,1,68,0.0147,6.2206
https://miltonly.com/streets/challinor-terrace-milton,1,57,0.0175,7.5439
https://miltonly.com/streets/chretien-street-milton,1,108,0.0093,7.5833
https://miltonly.com/streets/costigan-road-milton,1,58,0.0172,7.6379
https://miltonly.com/streets/cunningham-court-milton,1,6,0.1667,5
https://miltonly.com/streets/deverell-place-milton,1,8,0.125,9.75
https://miltonly.com/streets/farlow-crescent-milton,1,17,0.0588,6.8824
https://miltonly.com/streets/first-line-nassagaweya-milton,1,110,0.0091,7.4818
https://miltonly.com/streets/gleave-terrace-milton,1,32,0.0313,5.5313
https://miltonly.com/streets/gooch-crescent-milton,1,39,0.0256,6.1282
https://miltonly.com/streets/harvest-drive-milton,1,35,0.0286,9.6571
https://miltonly.com/streets/holdsworth-crescent-milton,1,41,0.0244,6.561
https://miltonly.com/streets/holloway-terrace-milton,1,40,0.025,6.35
https://miltonly.com/streets/huffman-crescent-milton,1,9,0.1111,6.4444
https://miltonly.com/streets/jelinik-terrace-milton,1,82,0.0122,6.6951
https://miltonly.com/streets/leiterman-drive-milton,1,25,0.04,6.64
https://miltonly.com/streets/mae-court-milton,1,11,0.0909,6.9091
https://miltonly.com/streets/magnolia-terrace-milton,1,76,0.0132,7.3553
https://miltonly.com/streets/magurn-gate-milton,1,8,0.125,15
https://miltonly.com/streets/murray-meadows-place-milton,1,14,0.0714,5
https://miltonly.com/streets/nairn-circle-milton,1,117,0.0085,7.8462
https://miltonly.com/streets/nassagaweya-esquesing-townline-milton,1,19,0.0526,8.0526
https://miltonly.com/streets/oriole-court-milton,1,15,0.0667,9.5333
https://miltonly.com/streets/parent-place-milton,1,69,0.0145,5.8116
https://miltonly.com/streets/patterson-drive-milton,1,5,0.2,10.6
https://miltonly.com/streets/periwinkle-place-milton,1,10,0.1,6.3
https://miltonly.com/streets/potts-terrace-milton,1,10,0.1,3.8
https://miltonly.com/streets/richardson-way-milton,1,32,0.0313,3.9688
https://miltonly.com/streets/rottenburg-court-milton,1,35,0.0286,6.0571
https://miltonly.com/streets/severn-drive-milton,1,34,0.0294,19.7059
https://miltonly.com/streets/sideroad-10-milton,1,23,0.0435,15.9565
https://miltonly.com/streets/stokes-trail-milton,1,50,0.02,6.8
https://miltonly.com/streets/syndenham-lane-milton,1,31,0.0323,6.1613
https://miltonly.com/streets/twinflower-place-milton,1,7,0.1429,3.1429
https://miltonly.com/streets/tyrone-crescent-milton,1,9,0.1111,7.5556
https://miltonly.com/streets/van-fleet-terrace-milton,1,21,0.0476,6.9048
https://miltonly.com/streets/vickerman-way-milton,1,20,0.05,6
https://miltonly.com/streets/wettlaufer-terrace-milton,1,57,0.0175,7.6667
https://www.miltonly.com/streets/gollins-drive-milton,1,2,0.5,3
https://www.miltonly.com/streets/hazel-way-milton,1,2,0.5,11
https://www.miltonly.com/streets/laidlaw-drive-milton,1,8,0.125,7.625
https://www.miltonly.com/streets/landsborough-avenue-milton,1,4,0.25,5
https://www.miltonly.com/streets/laurier-avenue-milton,1,10,0.1,5.6
https://www.miltonly.com/streets/lloyd-landing-n-a-milton,1,2,0.5,1
https://www.miltonly.com/streets/mcgibbon-drive-milton,1,6,0.1667,3.6667
https://www.miltonly.com/streets/peru-road-milton,1,21,0.0476,7.9524
https://www.miltonly.com/streets/raspberry-terrace-milton,1,5,0.2,5.4
https://www.miltonly.com/streets/sugden-terrace-milton,1,2,0.5,7.5
https://miltonly.com/streets/15-side-road-milton,0,15,0,6.9333
https://miltonly.com/streets/20-side-road-milton,0,41,0,7.1463
https://miltonly.com/streets/3rd-side-road-milton,0,15,0,7.3333
https://miltonly.com/streets/6th-nassagaweya-line-milton,0,2,0,50.5
https://miltonly.com/streets/agnew-crescent-milton,0,26,0,6.8846
https://miltonly.com/streets/alexander-crescent-milton,0,4,0,7.25
https://miltonly.com/streets/ambroise-crescent-milton,0,16,0,6.375
https://miltonly.com/streets/amos-drive-milton,0,27,0,10.1481
https://miltonly.com/streets/andrews-trail-milton,0,86,0,6.6047
https://miltonly.com/streets/appleby-line-milton,0,4,0,8
https://miltonly.com/streets/argall-court-milton,0,15,0,6.0667
https://miltonly.com/streets/babcock-crescent-milton,0,26,0,5.5769
https://miltonly.com/streets/barclay-circle-milton,0,20,0,11.25
https://miltonly.com/streets/barton-street-milton,0,16,0,11.4375
https://miltonly.com/streets/basswood-crescent-milton,0,13,0,5.6154
https://miltonly.com/streets/beasley-terrace-milton,0,18,0,5.7778
https://miltonly.com/streets/bellflower-court-milton,0,40,0,4.625
https://miltonly.com/streets/bennett-boulevard-milton,0,26,0,7.4615
https://miltonly.com/streets/bergamot-avenue-milton,0,24,0,7
https://miltonly.com/streets/bessy-trail-milton,0,36,0,6.25
https://miltonly.com/streets/biggar-heights-milton,0,23,0,7.087
https://miltonly.com/streets/boland-crescent-milton,0,20,0,9.2
https://miltonly.com/streets/bonin-crescent-milton,0,23,0,7
https://miltonly.com/streets/britannia-road-milton,0,22,0,9.4091
https://miltonly.com/streets/buckthorn-garden-milton,0,2,0,3.5
https://miltonly.com/streets/burgess-garden-milton,0,3,0,6.3333
https://miltonly.com/streets/bussel-crescent-milton,0,19,0,7.2105
https://miltonly.com/streets/cabot-trail-milton,0,41,0,7.1707
https://miltonly.com/streets/calla-point-milton,0,5,0,4.4
https://miltonly.com/streets/campbellville-road-milton,0,43,0,47.6744
https://miltonly.com/streets/cargill-path-milton,0,8,0,4.5
https://miltonly.com/streets/cedar-hedge-road-milton,0,18,0,7.3333
https://miltonly.com/streets/centennial-forest-drive-milton,0,34,0,11
https://miltonly.com/streets/chambers-place-milton,0,1,0,11
https://miltonly.com/streets/chamomile-crescent-milton,0,30,0,3.6333
https://miltonly.com/streets/chandler-crescent-milton,0,10,0,8.2
https://miltonly.com/streets/chapman-crescent-milton,0,13,0,6.3846
https://miltonly.com/streets/chee-chee-landing-milton,0,7,0,6.5714
https://miltonly.com/streets/chilver-heights-milton,0,56,0,6.1607
https://miltonly.com/streets/clarkson-gate-milton,0,7,0,7.1429
https://miltonly.com/streets/clitherow-street-milton,0,5,0,7
https://miltonly.com/streets/cochrane-terrace-milton,0,14,0,8.6429
https://miltonly.com/streets/collis-court-milton,0,12,0,6.1667
https://miltonly.com/streets/colville-place-milton,0,10,0,9.1
https://miltonly.com/streets/commercial-street-milton,0,33,0,6.6364
https://miltonly.com/streets/connors-landing-milton,0,2,0,2
https://miltonly.com/streets/conservation-road-milton,0,3,0,48.3333
https://miltonly.com/streets/cooke-crescent-milton,0,5,0,6.6
https://miltonly.com/streets/cookman-drive-milton,0,9,0,3.7778
https://miltonly.com/streets/coombs-court-milton,0,10,0,7.5
https://miltonly.com/streets/copeland-circle-milton,0,52,0,6.8462
https://miltonly.com/streets/coulson-avenue-milton,0,34,0,13.2059
https://miltonly.com/streets/court-street-milton,0,3,0,6.3333
https://miltonly.com/streets/darkwood-road-milton,0,11,0,7.9091
https://miltonly.com/streets/dawson-crescent-milton,0,19,0,19.2632
https://miltonly.com/streets/denison-place-milton,0,19,0,12.1053
https://miltonly.com/streets/derry-road-n-a-milton,0,19,0,17.3158
https://miltonly.com/streets/devine-point-milton,0,7,0,7
https://miltonly.com/streets/dolby-crescent-milton,0,21,0,6.6667
https://miltonly.com/streets/donnelly-street-milton,0,21,0,4.7619
https://miltonly.com/streets/doran-crescent-milton,0,7,0,8
https://miltonly.com/streets/downes-jackson-heights-milton,0,5,0,5.6
https://miltonly.com/streets/dredge-court-milton,0,18,0,11.5556
https://miltonly.com/streets/duignan-crescent-milton,0,23,0,6.3043
https://miltonly.com/streets/dymott-avenue-milton,0,32,0,5.875
https://miltonly.com/streets/eager-road-milton,0,19,0,9
https://miltonly.com/streets/edwards-avenue-milton,0,42,0,7.2619
https://miltonly.com/streets/eighth-line-milton,0,19,0,8.8421
https://miltonly.com/streets/ellenton-crescent-milton,0,24,0,9.125
https://miltonly.com/streets/elsley-court-milton,0,9,0,5
https://miltonly.com/streets/emmett-landing-milton,0,1,0,6
https://miltonly.com/streets/english-mill-court-milton,0,1,0,2
https://miltonly.com/streets/ennisclare-drive-milton,0,12,0,19.4167
https://miltonly.com/streets/esquesing-line-milton,0,12,0,7.3333
https://miltonly.com/streets/etherington-way-milton,0,29,0,8.2414
https://miltonly.com/streets/eves-gate-milton,0,4,0,9.25
https://miltonly.com/streets/featherstone-road-milton,0,20,0,10.05
https://miltonly.com/streets/field-drive-milton,0,18,0,23.7222
https://miltonly.com/streets/fifth-line-nassagaweya-n-a-milton,0,31,0,10.7097
https://miltonly.com/streets/fir-court-milton,0,7,0,5.4286
https://miltonly.com/streets/first-line-milton,0,13,0,5.9231
https://miltonly.com/streets/first-line-nassagaweya-line-milton,0,13,0,5.9231
https://miltonly.com/streets/five-side-road-milton,0,9,0,9.2222
https://miltonly.com/streets/fourth-line-nassagaweya-milton,0,42,0,8.2381
https://miltonly.com/streets/freeman-trail-milton,0,1,0,6
https://miltonly.com/streets/gainer-crescent-milton,0,3,0,5.3333
https://miltonly.com/streets/gervais-terrace-milton,0,5,0,6.8
https://miltonly.com/streets/gollins-drive-milton,0,8,0,7.5
https://miltonly.com/streets/gordon-krantz-boulevard-milton,0,4,0,11
https://miltonly.com/streets/gordon-krantz-unit-102-avenue-milton,0,1,0,8
https://miltonly.com/streets/goutouski-crescent-milton,0,6,0,9.5
https://miltonly.com/streets/graham-bell-court-milton,0,14,0,7.4286
https://miltonly.com/streets/grenke-place-milton,0,23,0,8.1304
https://miltonly.com/streets/harris-boulevard-milton,0,5,0,3.8
https://miltonly.com/streets/harrison-road-milton,0,2,0,7.5
https://miltonly.com/streets/hatt-court-milton,0,3,0,8
https://miltonly.com/streets/heaven-crescent-milton,0,10,0,5.8
https://miltonly.com/streets/hickory-crescent-milton,0,9,0,4.8889
https://miltonly.com/streets/highside-drive-milton,0,31,0,8.129
https://miltonly.com/streets/highway-7-milton,0,10,0,12.9
https://miltonly.com/streets/hinton-terrace-milton,0,32,0,7
https://miltonly.com/streets/huffman-cres-crescent-milton,0,6,0,4.6667
https://miltonly.com/streets/hutchinson-avenue-milton,0,25,0,6.48
https://miltonly.com/streets/jarrett-cross-milton,0,2,0,4
https://miltonly.com/streets/jasper-street-milton,0,2,0,4
https://miltonly.com/streets/jean-landing-milton,0,7,0,7.1429
https://miltonly.com/streets/kovachik-boulevard-milton,0,114,0,5.8596
https://miltonly.com/streets/laidlaw-drive-milton,0,15,0,9.4667
https://miltonly.com/streets/lancaster-boulevard-milton,0,9,0,8.3333
https://miltonly.com/streets/landsborough-avenue-milton,0,17,0,7.4118
https://miltonly.com/streets/leatherleaf-landing-milton,0,5,0,2.8
https://miltonly.com/streets/lemieux-court-milton,0,37,0,6.6216
https://miltonly.com/streets/lerchie-way-milton,0,4,0,20.25
https://miltonly.com/streets/limestone-road-milton,0,21,0,8.5714
https://miltonly.com/streets/lingen-crescent-milton,0,1,0,5
https://miltonly.com/streets/little-crescent-milton,0,3,0,4
https://miltonly.com/streets/locker-place-milton,0,6,0,7
https://miltonly.com/streets/main-street-milton,0,9,0,11.6667
https://miltonly.com/streets/maquire-terrace-milton,0,39,0,5.2051
https://miltonly.com/streets/marigold-court-milton,0,62,0,6.5484
https://miltonly.com/streets/marshall-crescent-milton,0,45,0,12.7778
https://miltonly.com/streets/martin-street-milton,0,45,0,10.3556
https://miltonly.com/streets/mccuaig-drive-milton,0,9,0,8.2222
https://miltonly.com/streets/mcdowell-crescent-milton,0,8,0,8
https://miltonly.com/streets/mcduffe-crescent-milton,0,28,0,6.1786
https://miltonly.com/streets/mceachern-court-milton,0,2,0,5
https://miltonly.com/streets/mcjannett-avenue-milton,0,20,0,6.9
https://miltonly.com/streets/mcnair-circle-milton,0,28,0,13
https://miltonly.com/streets/mcniven-road-milton,0,30,0,6.1333
https://miltonly.com/streets/mcphedran-point-milton,0,3,0,7.3333
https://miltonly.com/streets/mctrach-crescent-milton,0,8,0,7.75
https://miltonly.com/streets/megson-terrace-milton,0,22,0,6.1818
https://miltonly.com/streets/miles-street-milton,0,5,0,5.4
https://miltonly.com/streets/miller-way-milton,0,2,0,10
https://miltonly.com/streets/miltonbrook-crescent-milton,0,11,0,4.8182
https://miltonly.com/streets/minchin-way-milton,0,9,0,3.7778
https://miltonly.com/streets/minto-crescent-milton,0,26,0,10.5385
https://miltonly.com/streets/mockridge-terrace-milton,0,34,0,5.0294
https://miltonly.com/streets/moorelands-crescent-milton,0,35,0,6.2571
https://miltonly.com/streets/murlock-heights-milton,0,1,0,2
https://miltonly.com/streets/muskoka-heights-milton,0,24,0,6.375
https://miltonly.com/streets/nakerville-crescent-milton,0,17,0,6.7647
https://miltonly.com/streets/nassagaweya-puslinch-townline-milton,0,8,0,9.125
https://miltonly.com/streets/nipissing-road-milton,0,18,0,11.7222
https://miltonly.com/streets/no-1-side-road-milton,0,7,0,15.4286
https://miltonly.com/streets/old-tremaine-road-milton,0,14,0,10.5
https://miltonly.com/streets/ollerenshaw-point-milton,0,2,0,4
https://miltonly.com/streets/parkway-drive-milton,0,1,0,9
https://miltonly.com/streets/paupst-place-milton,0,3,0,6.6667
https://miltonly.com/streets/pettigrew-trail-milton,0,8,0,5.125
https://miltonly.com/streets/pharo-point-milton,0,2,0,3.5
https://miltonly.com/streets/philbrook-drive-milton,0,10,0,6.5
https://miltonly.com/streets/pitfield-road-milton,0,9,0,7.1111
https://miltonly.com/streets/porter-way-milton,0,6,0,8.3333
https://miltonly.com/streets/pozbou-crescent-milton,0,13,0,6.5385
https://miltonly.com/streets/pratt-heights-milton,0,2,0,4
https://miltonly.com/streets/pringle-avenue-milton,0,34,0,7.8529
https://miltonly.com/streets/prosser-circle-milton,0,58,0,10.6724
https://miltonly.com/streets/quinlan-court-milton,0,18,0,6.5556
https://miltonly.com/streets/random-acres-road-milton,0,3,0,5.3333
https://miltonly.com/streets/raspberry-terrace-milton,0,88,0,6.5795
https://miltonly.com/streets/regional-road-25-n-a-milton,0,1,0,36
https://miltonly.com/streets/regional-road-milton,0,2,0,10.5
https://miltonly.com/streets/reid-side-road-milton,0,2,0,7.5
https://miltonly.com/streets/robert-street-milton,0,25,0,14.2
https://miltonly.com/streets/rolph-terrace-milton,0,24,0,5.6667
https://miltonly.com/streets/rose-way-milton,0,30,0,10.6
https://miltonly.com/streets/ruhl-drive-milton,0,35,0,9.4
https://miltonly.com/streets/satok-crescent-milton,0,23,0,5.7826
https://miltonly.com/streets/sauve-street-milton,0,13,0,6.8462
https://miltonly.com/streets/schreyer-crescent-milton,0,26,0,8.0385
https://miltonly.com/streets/second-line-nassagaweya-milton,0,11,0,32.8182
https://miltonly.com/streets/seivert-place-milton,0,1,0,11
https://miltonly.com/streets/shade-lane-milton,0,7,0,9
https://miltonly.com/streets/sheaffe-place-milton,0,4,0,6.75
https://miltonly.com/streets/sherwood-road-milton,0,17,0,6.3529
https://miltonly.com/streets/shortreed-crescent-milton,0,8,0,3.5
https://miltonly.com/streets/side-road-milton,0,6,0,32.8333
https://miltonly.com/streets/sixth-line-nassagaweya-line-milton,0,29,0,12.2759
https://miltonly.com/streets/sixth-line-nassagaweya-milton,0,81,0,6.9136
https://miltonly.com/streets/speyer-circle-milton,0,11,0,7
https://miltonly.com/streets/stearn-place-milton,0,3,0,5.6667
https://miltonly.com/streets/steeles-avenue-milton,0,79,0,13.3291
https://miltonly.com/streets/strawberry-landing-milton,0,1,0,8
https://miltonly.com/streets/suitor-court-milton,0,31,0,5.9032
https://miltonly.com/streets/sumac-crescent-milton,0,14,0,10.1429
https://miltonly.com/streets/swann-crescent-milton,0,5,0,6.8
https://miltonly.com/streets/switzer-crescent-milton,0,28,0,7.2143
https://miltonly.com/streets/symons-crossing-milton,0,5,0,5.6
https://miltonly.com/streets/tasker-court-milton,0,14,0,6.9286
https://miltonly.com/streets/thornborrow-court-milton,0,2,0,8.5
https://miltonly.com/streets/tight-court-milton,0,22,0,10.1364
https://miltonly.com/streets/trafalgar-court-milton,0,1,0,47
https://miltonly.com/streets/trafalgar-road-milton,0,7,0,22.4286
https://miltonly.com/streets/trudeau-upstairs-drive-milton,0,20,0,14.9
https://miltonly.com/streets/vanier-drive-milton,0,10,0,33.2
https://miltonly.com/streets/wakefield-road-milton,0,10,0,15.5
https://miltonly.com/streets/weston-drive-milton,0,6,0,12.3333
https://miltonly.com/streets/williams-avenue-milton,0,18,0,18
https://miltonly.com/streets/willow-basement-avenue-milton,0,32,0,15.1875
https://miltonly.com/streets/wilson-drive-milton,0,9,0,4.6667
https://miltonly.com/streets/winter-crescent-milton,0,32,0,7.625
https://miltonly.com/streets/wood-close-milton,0,5,0,9
https://miltonly.com/streets/zuest-crescent-milton,0,10,0,13.3
https://www.miltonly.com/streets/10-side-road-milton,0,10,0,6.3
https://www.miltonly.com/streets/20-side-rd-road-milton,0,12,0,5.4167
https://www.miltonly.com/streets/20-side-road-milton,0,5,0,6
https://www.miltonly.com/streets/20th-side-road-milton,0,3,0,5.6667
https://www.miltonly.com/streets/30-side-road-milton,0,8,0,7.5
https://www.miltonly.com/streets/4th-line-nassagaweya-line-milton,0,2,0,9.5
https://www.miltonly.com/streets/5-road-milton,0,4,0,8
https://www.miltonly.com/streets/6th-nassagaweya-line-milton,0,4,0,6.5
https://www.miltonly.com/streets/agnew-crescent-milton,0,1,0,8
https://www.miltonly.com/streets/aird-court-milton,0,1,0,2
https://www.miltonly.com/streets/alder-gate-milton,0,1,0,10
https://www.miltonly.com/streets/alexander-crescent-milton,0,1,0,2
https://www.miltonly.com/streets/allan-crescent-milton,0,3,0,2.6667
https://www.miltonly.com/streets/allport-gate-milton,0,5,0,3.2
https://www.miltonly.com/streets/anderson-avenue-milton,0,1,0,9
https://www.miltonly.com/streets/apple-terrace-milton,0,3,0,4.6667
https://www.miltonly.com/streets/armstrong-boulevard-milton,0,7,0,3.2857
https://www.miltonly.com/streets/ash-gate-milton,0,1,0,8
https://www.miltonly.com/streets/ashbrook-court-milton,0,4,0,7.25
https://www.miltonly.com/streets/balsam-court-milton,0,2,0,10
https://www.miltonly.com/streets/banks-crescent-milton,0,1,0,5
https://www.miltonly.com/streets/basswood-crescent-milton,0,2,0,1.5
https://www.miltonly.com/streets/bearberry-place-milton,0,4,0,3.25
https://www.miltonly.com/streets/beard-drive-milton,0,1,0,2
https://www.miltonly.com/streets/beasley-place-milton,0,1,0,5
https://www.miltonly.com/streets/beasley-terrace-milton,0,1,0,8
https://www.miltonly.com/streets/beaty-trail-milton,0,4,0,4
https://www.miltonly.com/streets/beaver-court-milton,0,1,0,6
https://www.miltonly.com/streets/bell-school-line-milton,0,2,0,8.5
https://www.miltonly.com/streets/bessy-trail-bsmt-trail-milton,0,2,0,6
https://www.miltonly.com/streets/best-road-milton,0,1,0,6
https://www.miltonly.com/streets/bond-head-court-milton,0,1,0,9
https://www.miltonly.com/streets/bonin-crescent-milton,0,1,0,3
https://www.miltonly.com/streets/bowell-crescent-milton,0,1,0,3
https://www.miltonly.com/streets/bronson-terrace-milton,0,7,0,6.7143
https://www.miltonly.com/streets/buckthorn-milton,0,1,0,7
https://www.miltonly.com/streets/bundy-drive-milton,0,4,0,4.25
https://www.miltonly.com/streets/cabot-trail-milton,0,1,0,2
https://www.miltonly.com/streets/campbellville-road-milton,0,2,0,7
https://www.miltonly.com/streets/carr-landing-milton,0,1,0,1
https://www.miltonly.com/streets/cavanagh-lane-milton,0,3,0,9.6667
https://www.miltonly.com/streets/cedar-trail-milton,0,3,0,6.3333
https://www.miltonly.com/streets/cedric-terrace-milton,0,2,0,8
https://www.miltonly.com/streets/chambers-place-milton,0,1,0,6
https://www.miltonly.com/streets/chamomile-crescent-milton,0,2,0,4.5
https://www.miltonly.com/streets/chapman-crescent-milton,0,2,0,5.5
https://www.miltonly.com/streets/childs-drive-milton,0,3,0,4.3333
https://www.miltonly.com/streets/chilver-heights-milton,0,3,0,6.6667
https://www.miltonly.com/streets/chretien-street-milton,0,1,0,5
https://www.miltonly.com/streets/christie-circle-milton,0,1,0,4
https://www.miltonly.com/streets/clover-park-crescent-milton,0,5,0,7.2
https://www.miltonly.com/streets/coates-drive-milton,0,1,0,5
https://www.miltonly.com/streets/colville-place-milton,0,1,0,3
https://www.miltonly.com/streets/connors-landing-milton,0,1,0,9
https://www.miltonly.com/streets/conway-court-milton,0,3,0,14.6667
https://www.miltonly.com/streets/cooper-avenue-milton,0,1,0,5
https://www.miltonly.com/streets/costigan-road-milton,0,20,0,6.35
https://www.miltonly.com/streets/court-street-milton,0,2,0,4
https://www.miltonly.com/streets/cousens-terrace-milton,0,10,0,7.1
https://www.miltonly.com/streets/coxe-boulevard-milton,0,5,0,5.6
https://www.miltonly.com/streets/cranberry-crescent-milton,0,1,0,3
https://www.miltonly.com/streets/crozier-crescent-milton,0,2,0,3.5
https://www.miltonly.com/streets/dalgleish-gardens-milton,0,5,0,3.2
https://www.miltonly.com/streets/dalhousie-gate-milton,0,7,0,4.5714
https://www.miltonly.com/streets/davis-lane-milton,0,3,0,2.6667
https://www.miltonly.com/streets/derry-rd-road-milton,0,2,0,7
https://www.miltonly.com/streets/diefenbaker-street-milton,0,1,0,8
https://www.miltonly.com/streets/downes-jackson-bsmnt-heights-milton,0,2,0,6.5
https://www.miltonly.com/streets/duignan-crescent-milton,0,1,0,1
https://www.miltonly.com/streets/duignan-street-milton,0,1,0,2
https://www.miltonly.com/streets/duncan-lane-milton,0,1,0,4
https://www.miltonly.com/streets/e-derry-road-milton,0,6,0,5.6667
https://www.miltonly.com/streets/e-whitlock-avenue-milton,0,5,0,6.8
https://www.miltonly.com/streets/earl-crescent-milton,0,2,0,3.5
https://www.miltonly.com/streets/elderberry-cres--milton,0,4,0,2.75
https://www.miltonly.com/streets/elderberry-crescent-milton,0,2,0,2
https://www.miltonly.com/streets/ellenton-crescent-milton,0,2,0,8
https://www.miltonly.com/streets/elliott-crescent-milton,0,1,0,10
https://www.miltonly.com/streets/ellis-crescent-milton,0,1,0,4
https://www.miltonly.com/streets/elsley-court-milton,0,1,0,7
https://www.miltonly.com/streets/emmett-landing-milton,0,1,0,4
https://www.miltonly.com/streets/english-mill-crt-court-milton,0,2,0,6
https://www.miltonly.com/streets/farmstead-bsmt-drive-milton,0,2,0,4
https://www.miltonly.com/streets/farmstead-drive-milton,0,5,0,3.2
https://www.miltonly.com/streets/fifth-line-milton,0,2,0,6
https://www.miltonly.com/streets/first-line-nassagaweya-milton,0,5,0,5.8
https://www.miltonly.com/streets/first-line-nassagaweya-n-a-milton,0,2,0,7.5
https://www.miltonly.com/streets/fitzgerald-crescent-milton,0,1,0,3
https://www.miltonly.com/streets/five-side-road-milton,0,10,0,10.1
https://www.miltonly.com/streets/fox-crescent-milton,0,3,0,2.6667
https://www.miltonly.com/streets/freeman-trail-milton,0,4,0,1.5
https://www.miltonly.com/streets/frost-court-milton,0,1,0,3
https://www.miltonly.com/streets/gazley-circle-milton,0,1,0,7
https://www.miltonly.com/streets/giddings-crescent-milton,0,4,0,5.25
https://www.miltonly.com/streets/gillet-point-milton,0,1,0,2
https://www.miltonly.com/streets/glenda-jane-drive-milton,0,1,0,11
https://www.miltonly.com/streets/gooding-crescent-milton,0,1,0,4
https://www.miltonly.com/streets/gordon-heights-milton,0,3,0,5
https://www.miltonly.com/streets/gordon-krantz-avenue-milton,0,3,0,5.3333
https://www.miltonly.com/streets/gordon-krantz-n-a-milton,0,2,0,20.5
https://www.miltonly.com/streets/gordon-krantz-unit-102-avenue-milton,0,5,0,7.6
https://www.miltonly.com/streets/gore-court-milton,0,2,0,1
https://www.miltonly.com/streets/gorham-way-milton,0,1,0,8
https://www.miltonly.com/streets/gowling-terrace-milton,0,1,0,4
https://www.miltonly.com/streets/graham-bell-court-milton,0,4,0,7.25
https://www.miltonly.com/streets/grenke-place-milton,0,1,0,4
https://www.miltonly.com/streets/guelph-junction-road-milton,0,1,0,4
https://www.miltonly.com/streets/hanson-crescent-milton,0,3,0,4.6667
https://www.miltonly.com/streets/harkin-place-milton,0,2,0,3
https://www.miltonly.com/streets/haws-crescent-milton,0,6,0,3.1667
https://www.miltonly.com/streets/hawthorne-crescent-milton,0,1,0,4
https://www.miltonly.com/streets/haxton-heights-milton,0,1,0,3
https://www.miltonly.com/streets/hayward-crescent-milton,0,25,0,5.6
https://www.miltonly.com/streets/hazard-crescent-milton,0,1,0,1
https://www.miltonly.com/streets/hearns-place-milton,0,1,0,2
https://www.miltonly.com/streets/hearst-boulevard-milton,0,1,0,1
https://www.miltonly.com/streets/heaven-crescent-milton,0,2,0,5.5
https://www.miltonly.com/streets/henderson-road-milton,0,9,0,5.5556
https://www.miltonly.com/streets/heslop-road-milton,0,10,0,7.1
https://www.miltonly.com/streets/hickory-crescent-milton,0,3,0,3.6667
https://www.miltonly.com/streets/hilson-heights-milton,0,2,0,3.5
https://www.miltonly.com/streets/hinton-lower-terrace-milton,0,3,0,4.6667
https://www.miltonly.com/streets/hinton-terrace-milton,0,1,0,4
https://www.miltonly.com/streets/hobbs-crescent-milton,0,1,0,5
https://www.miltonly.com/streets/holloway-terrace-milton,0,3,0,5
https://www.miltonly.com/streets/holly-avenue-milton,0,1,0,8
https://www.miltonly.com/streets/howden-crescent-milton,0,3,0,3
https://www.miltonly.com/streets/huntingford-gate-milton,0,1,0,2
https://www.miltonly.com/streets/inglis-drive-milton,0,1,0,8
https://www.miltonly.com/streets/jasper-street-milton,0,1,0,2
https://www.miltonly.com/streets/jean-landing-street-milton,0,1,0,7
https://www.miltonly.com/streets/john-street-milton,0,2,0,9
https://www.miltonly.com/streets/joyce-boulevard-milton,0,8,0,8.125
https://www.miltonly.com/streets/juneberry-court-milton,0,4,0,4.75
https://www.miltonly.com/streets/kennedy-cir-w-bsment-milton,0,2,0,7
https://www.miltonly.com/streets/kovachik-boulevard-milton,0,3,0,6
https://www.miltonly.com/streets/laking-terrace-n-a-milton,0,1,0,10
https://www.miltonly.com/streets/lancaster-boulevard-milton,0,6,0,5.5
https://www.miltonly.com/streets/laughren-crescent-milton,0,2,0,6
https://www.miltonly.com/streets/leblanc-court-milton,0,1,0,10
https://www.miltonly.com/streets/leitch-landing-milton,0,2,0,5
https://www.miltonly.com/streets/limestone-road-milton,0,3,0,2
https://www.miltonly.com/streets/lloyd-landing-milton,0,2,0,4
https://www.miltonly.com/streets/lloyd-landing-street-milton,0,1,0,10
https://www.miltonly.com/streets/lobelia-crescent-milton,0,1,0,1
https://www.miltonly.com/streets/lower-base-line-milton,0,2,0,5.5
https://www.miltonly.com/streets/lower-base-line-n-a-milton,0,8,0,7.875
https://www.miltonly.com/streets/lydia-avenue-milton,0,2,0,13.5
https://www.miltonly.com/streets/magnolia-terrace-milton,0,2,0,6
https://www.miltonly.com/streets/mander-place-milton,0,2,0,4.5
https://www.miltonly.com/streets/maquire-terrace-milton,0,4,0,5
https://www.miltonly.com/streets/marley-crescent-milton,0,10,0,3
https://www.miltonly.com/streets/marshall-crescent-milton,0,4,0,4
https://www.miltonly.com/streets/mccandless-court-milton,0,4,0,8.75
https://www.miltonly.com/streets/mccready-drive-milton,0,1,0,2
https://www.miltonly.com/streets/mccuaig-drive-milton,0,1,0,5
https://www.miltonly.com/streets/mcdowell-crescent-milton,0,1,0,1
https://www.miltonly.com/streets/mcewan-drive-milton,0,2,0,2
https://www.miltonly.com/streets/mcjannett-avenue-milton,0,1,0,5
https://www.miltonly.com/streets/mclaren-road-milton,0,1,0,3
https://www.miltonly.com/streets/mcphail-way-milton,0,1,0,2
https://www.miltonly.com/streets/megson-terrace-milton,0,17,0,8.8824
https://www.miltonly.com/streets/melville-bonus-crescent-milton,0,1,0,1
https://www.miltonly.com/streets/mendelson-heights-milton,0,1,0,1
https://www.miltonly.com/streets/merritt-drive-milton,0,1,0,1
https://www.miltonly.com/streets/milburough-line-milton,0,1,0,6
https://www.miltonly.com/streets/mill-street-milton,0,5,0,4.8
https://www.miltonly.com/streets/milton-heights-crescent-milton,0,3,0,10
https://www.miltonly.com/streets/minchin-way-milton,0,3,0,2
https://www.miltonly.com/streets/moonseed-place-milton,0,2,0,6
https://www.miltonly.com/streets/moorelands-crescent-milton,0,1,0,8
https://www.miltonly.com/streets/mortimer-crescent-milton,0,8,0,7.5
https://www.miltonly.com/streets/munch-place-milton,0,3,0,2.3333
https://www.miltonly.com/streets/murlock-heights-milton,0,1,0,4
https://www.miltonly.com/streets/muskoka-heights-milton,0,1,0,10
https://www.miltonly.com/streets/nadalin-heights-n-a-milton,0,3,0,4
https://www.miltonly.com/streets/nassagaweya-esquesing-townline-milton,0,1,0,7
https://www.miltonly.com/streets/nipissing-rd-milton-road-milton,0,17,0,8.1765
https://www.miltonly.com/streets/norris-circle-milton,0,1,0,3
https://www.miltonly.com/streets/ollerenshaw-point-milton,0,1,0,2
https://www.miltonly.com/streets/panton-trail-milton,0,5,0,5.4
https://www.miltonly.com/streets/patterson-drive-milton,0,4,0,5.5
https://www.miltonly.com/streets/penson-crescent-milton,0,1,0,4
https://www.miltonly.com/streets/pettigrew-trail-milton,0,1,0,5
https://www.miltonly.com/streets/pettit-trail-milton,0,1,0,5
https://www.miltonly.com/streets/pickersgill-crescent-milton,0,1,0,3
https://www.miltonly.com/streets/pine-street-milton,0,5,0,6.2
https://www.miltonly.com/streets/pineridge-drive-milton,0,1,0,2
https://www.miltonly.com/streets/plum-place-milton,0,4,0,3.25
https://www.miltonly.com/streets/potts-terrace-milton,0,5,0,5.4
https://www.miltonly.com/streets/proud-drive-milton,0,3,0,2
https://www.miltonly.com/streets/queen-street-milton,0,3,0,7
https://www.miltonly.com/streets/quinlan-court-milton,0,2,0,4.5
https://www.miltonly.com/streets/randall-crescent-milton,0,1,0,7
https://www.miltonly.com/streets/regional-rd-25-road-milton,0,35,0,8.1429
https://www.miltonly.com/streets/reis-place-milton,0,3,0,2.6667
https://www.miltonly.com/streets/riddell-crescent-milton,0,3,0,6.6667
https://www.miltonly.com/streets/ridge-drive-milton,0,3,0,5
https://www.miltonly.com/streets/robert-street-milton,0,2,0,8
https://www.miltonly.com/streets/robson-crescent-milton,0,5,0,3.4
https://www.miltonly.com/streets/roper-drive-milton,0,1,0,5
https://www.miltonly.com/streets/rose-way-avenue-milton,0,7,0,7
https://www.miltonly.com/streets/rose-way-lane-milton,0,5,0,6.4
https://www.miltonly.com/streets/rose-way-th28-milton,0,2,0,10
https://www.miltonly.com/streets/roseheath-drive-milton,0,1,0,6
https://www.miltonly.com/streets/rowe-terrace-milton,0,1,0,3
https://www.miltonly.com/streets/rutledge-way-milton,0,1,0,4
https://www.miltonly.com/streets/savoline-blvd-upper-milton,0,11,0,8.4545
https://www.miltonly.com/streets/schreyer-crescent-milton,0,15,0,5
https://www.miltonly.com/streets/scott-boulevard-milton,0,14,0,5.9286
https://www.miltonly.com/streets/second-line-milton,0,6,0,5.6667
https://www.miltonly.com/streets/seivert-place-milton,0,4,0,4.75
https://www.miltonly.com/streets/sheaffe-place-milton,0,2,0,6
https://www.miltonly.com/streets/side-road-milton,0,1,0,7
https://www.miltonly.com/streets/sixth-line-milton,0,3,0,4.6667
https://www.miltonly.com/streets/sixth-line-nassagaweya-line-milton,0,3,0,8
https://www.miltonly.com/streets/sixth-line-nassagaweya-milton,0,4,0,6.75
https://www.miltonly.com/streets/sixth-line-nassagaweya-n-a-milton,0,6,0,9.6667
https://www.miltonly.com/streets/sixth-nassagaweya-line-milton,0,1,0,10
https://www.miltonly.com/streets/slingsby-landing-milton,0,3,0,4
https://www.miltonly.com/streets/snoek-point-milton,0,1,0,2
https://www.miltonly.com/streets/sorensen-court-milton,0,1,0,9
https://www.miltonly.com/streets/stark-circle-milton,0,8,0,6.25
https://www.miltonly.com/streets/storey-drive-milton,0,1,0,1
https://www.miltonly.com/streets/stoutt-crescent-milton,0,5,0,7
https://www.miltonly.com/streets/stover-crescent-milton,0,2,0,3
https://www.miltonly.com/streets/strawberry-landing-milton,0,1,0,6
https://www.miltonly.com/streets/sumac-milton,0,3,0,7.3333
https://www.miltonly.com/streets/sydney-street-milton,0,2,0,3.5
https://www.miltonly.com/streets/symons-crossing-mill-n-a-milton,0,2,0,3
https://www.miltonly.com/streets/syndenham-lane-milton,0,1,0,6
https://www.miltonly.com/streets/tamarack-point-milton,0,1,0,5
https://www.miltonly.com/streets/tea-landing-milton,0,2,0,3.5
https://www.miltonly.com/streets/thames-circle-milton,0,1,0,11
https://www.miltonly.com/streets/thimbleweed-court-milton,0,2,0,4
https://www.miltonly.com/streets/thompson-road-milton,0,6,0,6.5
https://www.miltonly.com/streets/tock-close-milton,0,1,0,5
https://www.miltonly.com/streets/toletza-landing-n-a-milton,0,1,0,3
https://www.miltonly.com/streets/tonelli-lane-milton,0,1,0,6
https://www.miltonly.com/streets/transom-crescent-milton,0,3,0,5.6667
https://www.miltonly.com/streets/trudeau-drive-milton,0,1,0,4
https://www.miltonly.com/streets/trudeau-upstairs-drive-milton,0,1,0,10
https://www.miltonly.com/streets/turner-drive-milton,0,3,0,5.6667
https://www.miltonly.com/streets/tyrone-cres-n-a-milton,0,2,0,6
https://www.miltonly.com/streets/victoria-street-milton,0,3,0,4.3333
https://www.miltonly.com/streets/violet-gate-milton,0,2,0,5
https://www.miltonly.com/streets/w-farmstead-drive-milton,0,1,0,5
https://www.miltonly.com/streets/wakefield-road-milton,0,3,0,9.6667
https://www.miltonly.com/streets/walnut-landing-milton,0,4,0,4
https://www.miltonly.com/streets/weller-crossing-milton,0,2,0,10
https://www.miltonly.com/streets/wellwood-terrace-milton,0,6,0,5.8333
https://www.miltonly.com/streets/weston-drive-milton,0,1,0,9
https://www.miltonly.com/streets/wetenhall-landing-milton,0,1,0,4
https://www.miltonly.com/streets/whithlock-avenue-milton,0,5,0,7
https://www.miltonly.com/streets/whitmer-street-milton,0,1,0,5
https://www.miltonly.com/streets/wickson-way-milton,0,1,0,2
https://www.miltonly.com/streets/willow-avenue-milton,0,4,0,3.25
https://www.miltonly.com/streets/wilson-drive-milton,0,1,0,3
https://www.miltonly.com/streets/woodlawn-crescent-milton,0,1,0,10
https://www.miltonly.com/streets/zelinsky-crescent-milton,0,4,0,3.75
