query,clicks,impressions,ctr,position
parent place,1,2,0.5,14
12 bergamot ave,0,2,0,9
1290 steeles avenue east milton on,0,1,0,24
1415 pine street,0,1,0,50
1466 zilio terrace,0,21,0,7.0476
"15 side rd # 2183, milton, on",0,1,0,10
"15 side rd # 2183, milton, on l0p1b0",0,2,0,9
15th side road,0,1,0,32
20th side road,0,2,0,18
20th sideroad,0,1,0,18
20th st,0,2,0,50.5
5 side road,0,1,0,53
5th side road,0,1,0,37
7295 bell school line milton,0,1,0,10
7337 bell school line,0,4,0,8.25
739 challinor terrace,0,2,0,8.5
747 apple terrace milton,0,6,0,5.8333
8 martin street,0,1,0,6
866 magnolia terrace,0,1,0,10
88 robert street,0,1,0,9
93 martin street,0,1,0,8
amos avenue,0,1,0,49
amos dettonville,0,1,0,58
amos drive,0,3,0,9.6667
amos street,0,1,0,10
apple terrace,0,1,0,5
apple terrace milton,0,10,0,7.6
barclay circle,0,4,0,28
barclay circle rochester hills,0,1,0,22
barclay road,0,3,0,43.3333
barton crescent,0,1,0,52
barton st,0,1,0,39
basswood crescent,0,2,0,6
beaton avenue,0,1,0,95
bell school line,0,2,0,13
bellflower court,0,1,0,13
bennett drive,0,1,0,19
bergamot avenue,0,2,0,6
bergamot avenue milton,0,7,0,7.8571
black drive,0,2,0,13
blair drive,0,2,0,51
brandon terrace,0,1,0,2
britannia and trafalgar,0,1,0,7
broadway avenue,0,5,0,39.8
burgess street,0,1,0,1
butlers crescent,0,1,0,53
buttercup avenue,0,1,0,8
buttercup court,0,1,0,2
cambelville,0,1,0,70
campbelleville,0,1,0,73
campbellville,0,3,0,71
campbellville milton,0,3,0,69.3333
campbellville milton on canada,0,1,0,73
campbellville milton ontario,0,3,0,73.6667
campbellville on,0,2,0,70.5
campbellville ont,0,1,0,76
campbellville ontario,0,3,0,74
campbellville ontario canada,0,2,0,75.5
campbellville rd,0,1,0,68
campbellville road,0,2,0,41.5
cedar hedge park,0,1,0,34
celandine drive,0,1,0,7
centennial drive,0,1,0,42
centennial forest,0,1,0,10
centennial forest drive milton,0,1,0,8
chandler crescent,0,1,0,11
chapman crescent,0,2,0,3
chee chee landing milton,0,1,0,6
chester crescent,0,1,0,71
colville place,0,1,0,2
colville road,0,2,0,21.5
comercial street,0,1,0,5
commercial st,0,2,0,9.5
commercial street,0,4,0,3.75
commercial street milton,0,5,0,8.6
comparative analysis,0,1,0,4
connors landing,0,1,0,3
conservation drive,0,2,0,69
copeland circle,0,1,0,6
copeland road,0,1,0,55
copeland street,0,1,0,25
coulson avenue,0,3,0,11
crotch crescent,0,1,0,36
cunningham court,0,2,0,7
davidson avenue,0,1,0,64
dawn crescent,0,1,0,72
dawson ave,0,1,0,47
dawson crescent,0,2,0,11
dawson drive,0,1,0,53
denison road,0,2,0,48.5
denison street,0,1,0,43
dent terrace,0,1,0,6
derry and trafalgar,0,1,0,23
derry and tremaine,0,2,0,21
derry rd,0,4,0,20.25
derry road,0,2,0,22
derry road west,0,1,0,33
donnelly road,0,1,0,4
donnelly street,0,3,0,6.6667
duignan crescent milton,0,5,0,7.2
eager road,0,2,0,8.5
edwardes street,0,1,0,38
edwards avenue,0,1,0,9
eighth line,0,2,0,31.5
elsley court,0,2,0,2
esquesing line,0,1,0,32
esquesing milton homes,0,2,0,5.5
featherstone road,0,4,0,17.5
fieldgate homes milton,0,3,0,76.3333
fieldstone drive,0,1,0,57
fifth line,0,3,0,27.6667
first line nassagaweya,0,1,0,23
forest drive,0,1,0,48
gifford crescent,0,1,0,21
gooch st,0,1,0,1
gordon krantz avenue,0,1,0,38
harrison road,0,1,0,7
harvest drive,0,1,0,4
has it ever been listed for rent,0,1,0,2
henderson road milton,0,2,0,5
highside drive milton,0,3,0,5.3333
highway 7,0,4,0,21.25
hobbs crescent,0,20,0,6.45
holloway terrace,0,3,0,4.3333
home sales history,0,3,0,8
hoover crescent,0,1,0,37
house sold on cedric terrace milton in march 2023,0,7,0,26.1429
houston drive,0,3,0,55.6667
how much is it wirth,0,1,0,6
how much is it worth,0,1,0,2
hutchinson ave,0,1,0,5
hutchinson avenue,0,12,0,7.6667
hutchinson street,0,1,0,6
is it sweet,0,1,0,3
jelinik,0,1,0,5
kennedy circle,0,1,0,63
kingsway place,0,1,0,10
kovachik blvd milton,0,12,0,7.1667
laking terrace,0,3,0,32.6667
lancaster boulevard,0,1,0,22
landsborough,0,1,0,13
leiterman drive milton,0,6,0,6.8333
leiterman park,0,1,0,11
lemieux ontario,0,1,0,23
limestone road,0,8,0,6.125
magnolia terrace,0,2,0,3.5
main st milton,0,1,0,49
malvern drive,0,1,0,68
marigold court,0,5,0,7.8
marigold ct,0,1,0,16
marigold road,0,1,0,41
marsha street,0,2,0,30.5
marshall avenue,0,1,0,81
marshall crescent,0,7,0,19
marshall street,0,1,0,64
martin street,0,4,0,29.75
martin streets,0,1,0,24
mccuaig drive,0,1,0,10
milburough line,0,1,0,10
miller way,0,1,0,16
milner rd,0,1,0,52
milner street,0,1,0,86
milton,0,1,0,5
milton gate,0,2,0,38.5
milton road,0,2,0,67.5
milton sold prices,0,4,0,5.5
minto avenue,0,1,0,54
mockridge terrace,0,1,0,4
murray meadows,0,2,0,4.5
nairn rd,0,1,0,42
nairn road,0,1,0,60
nassagaweya,0,8,0,83
nassagaweya township,0,1,0,70
nipissing road,0,1,0,31
nixon crescent,0,1,0,46
now,0,1,0,7
oriole court,0,1,0,12
oriole ct,0,1,0,11
oriole rd,0,1,0,43
oriole street,0,1,0,29
patterson drive,0,1,0,24
periwinkle place,0,3,0,10
pin point on map,0,1,0,3
pleasant drive,0,2,0,66.5
pringle ave,0,1,0,25
pringle avenue,0,8,0,12.625
prosser rd,0,1,0,22
raspberry park milton,0,2,0,11
raspberry terrace milton,0,3,0,7.3333
recently bought,0,1,0,3
ridgeview court,0,1,0,77
robert st,0,1,0,54
robert street,0,4,0,48
robertson crescent,0,1,0,14
rose way,0,1,0,44
rose way milton,0,2,0,26.5
roseway milton,0,1,0,26
ruhl drive milton,0,8,0,8.875
schreyer crescent,0,2,0,31.5
serena drive,0,1,0,52
severn drive,0,1,0,29
severn street,0,1,0,62
side road,0,3,0,17
side road 10,0,3,0,39.3333
sierra drive,0,2,0,74
sixth line nassagaweya,0,4,0,9.75
steel avenue,0,1,0,30
steeles ave,0,2,0,38.5
steeles ave west,0,1,0,30
steeles avenue,0,7,0,38.1429
steeles avenue milton,0,1,0,28
steeles avenue west,0,3,0,29
steels ave,0,1,0,42
stirling todd terrace milton,0,1,0,4
stokes trail,0,3,0,7.3333
streets in milton ontario,0,1,0,9
sumac street,0,2,0,40.5
swan crescent,0,1,0,3
syer drive milton,0,9,0,5.6667
tanner drive,0,1,0,56
tell me how many,0,1,0,3
the heights muskoka,0,2,0,10.5
thompson and derry milton,0,1,0,55
trafalgar and britannia,0,1,0,19
trafalgar court,0,1,0,47
trafalgar drive,0,1,0,20
trafalgar rd,0,1,0,43
trafalgar road,0,2,0,27.5
tremaine road,0,1,0,33
trudeau drive,0,4,0,29.5
value,0,1,0,3
vanier drive,0,2,0,23
wagner drive,0,1,0,51
wakefield road,0,3,0,36
weston drive,0,3,0,17
wettlaufer terrace,0,7,0,9.5714
wettlaufer terrace milton,0,5,0,15
what district is this,0,1,0,6
what is it worth today,0,1,0,8
what is the current selling price?,0,1,0,3
where is campbellville,0,2,0,61
where is campbellville ontario,0,1,0,72
williams ave,0,1,0,6
williams avenue,0,2,0,4
williams milton,0,4,0,44.25
willow ave,0,3,0,24
willowdale ave,0,1,0,58
willowdale avenue,0,2,0,56.5
wilson drive,0,3,0,4.6667
winter crescent,0,2,0,16.5
woodclose,0,1,0,18
yes,0,2,0,9
