query,page,clicks,impressions,ctr,position
parent place,https://miltonly.com/streets/parent-place-milton,1,2,0.5,14
12 bergamot ave,https://miltonly.com/streets/bergamot-avenue-milton,0,2,0,9
1290 steeles avenue east milton on,https://miltonly.com/streets/steeles-avenue-milton,0,1,0,24
1415 pine street,https://miltonly.com/streets/costigan-road-milton,0,1,0,50
1466 zilio terrace,https://miltonly.com/streets/zilio-terrace-milton,0,21,0,7.0476
"15 side rd # 2183, milton, on",https://miltonly.com/streets/15th-side-road-milton,0,1,0,10
"15 side rd # 2183, milton, on l0p1b0",https://miltonly.com/streets/15th-side-road-milton,0,2,0,9
15th side road,https://miltonly.com/streets/15th-side-road-milton,0,1,0,32
20th side road,https://miltonly.com/streets/20th-side-road-milton,0,2,0,18
20th sideroad,https://miltonly.com/streets/20th-side-road-milton,0,1,0,18
20th st,https://miltonly.com/streets/20th-side-road-milton,0,2,0,50.5
5 side road,https://miltonly.com/streets/side-road-milton,0,1,0,53
5th side road,https://miltonly.com/streets/side-road-milton,0,1,0,37
7295 bell school line milton,https://miltonly.com/streets/bell-school-line-milton,0,1,0,10
7337 bell school line,https://miltonly.com/streets/bell-school-line-milton,0,4,0,8.25
739 challinor terrace,https://miltonly.com/streets/challinor-terrace-milton,0,2,0,8.5
747 apple terrace milton,https://miltonly.com/streets/apple-terrace-milton,0,6,0,5.8333
8 martin street,https://miltonly.com/streets/martin-street-milton,0,1,0,6
866 magnolia terrace,https://miltonly.com/streets/magnolia-terrace-milton,0,1,0,10
88 robert street,https://miltonly.com/streets/robert-street-milton,0,1,0,9
93 martin street,https://miltonly.com/streets/martin-street-milton,0,1,0,8
amos avenue,https://miltonly.com/streets/amos-drive-milton,0,1,0,49
amos dettonville,https://miltonly.com/streets/amos-drive-milton,0,1,0,58
amos drive,https://miltonly.com/streets/amos-drive-milton,0,3,0,9.6667
amos street,https://miltonly.com/streets/amos-drive-milton,0,1,0,10
apple terrace,https://miltonly.com/streets/apple-terrace-milton,0,1,0,5
apple terrace milton,https://miltonly.com/streets/apple-terrace-milton,0,10,0,7.6
barclay circle,https://miltonly.com/streets/barclay-circle-milton,0,2,0,4.5
barclay circle,https://miltonly.com/streets/mcnair-circle-milton,0,2,0,51.5
barclay circle rochester hills,https://miltonly.com/streets/barclay-circle-milton,0,1,0,22
barclay road,https://miltonly.com/streets/barclay-circle-milton,0,3,0,43.3333
barton crescent,https://miltonly.com/streets/barton-street-milton,0,1,0,52
barton st,https://miltonly.com/streets/barton-street-milton,0,1,0,39
basswood crescent,https://miltonly.com/streets/basswood-crescent-milton,0,2,0,6
beaton avenue,https://miltonly.com/streets/coulson-avenue-milton,0,1,0,95
bell school line,https://miltonly.com/streets/bell-school-line-milton,0,2,0,13
bellflower court,https://miltonly.com/streets/bellflower-court-milton,0,1,0,13
bennett drive,https://miltonly.com/streets/bennett-boulevard-milton,0,1,0,19
bergamot avenue,https://miltonly.com/streets/bergamot-avenue-milton,0,2,0,6
bergamot avenue milton,https://miltonly.com/streets/bergamot-avenue-milton,0,7,0,7.8571
black drive,https://miltonly.com/streets/black-drive-milton,0,2,0,13
blair drive,https://miltonly.com/streets/vanier-drive-milton,0,2,0,51
brandon terrace,https://miltonly.com/streets/brandon-terrace-milton,0,1,0,2
britannia and trafalgar,https://miltonly.com/streets/britannia-road-milton,0,1,0,7
broadway avenue,https://miltonly.com/streets/broadway-avenue-milton,0,5,0,39.8
burgess street,https://miltonly.com/streets/burgess-garden-milton,0,1,0,1
butlers crescent,https://miltonly.com/streets/boland-crescent-milton,0,1,0,53
buttercup avenue,https://miltonly.com/streets/buttercup-court-milton,0,1,0,8
buttercup court,https://miltonly.com/streets/buttercup-court-milton,0,1,0,2
cambelville,https://miltonly.com/streets/campbellville-road-milton,0,1,0,70
campbelleville,https://miltonly.com/streets/campbellville-road-milton,0,1,0,73
campbellville,https://miltonly.com/streets/campbellville-road-milton,0,3,0,71
campbellville milton,https://miltonly.com/streets/campbellville-road-milton,0,3,0,69.3333
campbellville milton on canada,https://miltonly.com/streets/campbellville-road-milton,0,1,0,73
campbellville milton ontario,https://miltonly.com/streets/campbellville-road-milton,0,3,0,73.6667
campbellville on,https://miltonly.com/streets/campbellville-road-milton,0,2,0,70.5
campbellville ont,https://miltonly.com/streets/campbellville-road-milton,0,1,0,76
campbellville ontario,https://miltonly.com/streets/campbellville-road-milton,0,3,0,74
campbellville ontario canada,https://miltonly.com/streets/campbellville-road-milton,0,2,0,75.5
campbellville rd,https://miltonly.com/streets/campbellville-road-milton,0,1,0,68
campbellville road,https://miltonly.com/streets/campbellville-road-milton,0,2,0,41.5
cedar hedge park,https://miltonly.com/streets/cedar-hedge-road-milton,0,1,0,34
celandine drive,https://miltonly.com/streets/celandine-terrace-milton,0,1,0,7
centennial drive,https://miltonly.com/streets/centennial-forest-drive-milton,0,1,0,42
centennial forest,https://miltonly.com/streets/centennial-forest-drive-milton,0,1,0,10
centennial forest drive milton,https://miltonly.com/streets/centennial-forest-drive-milton,0,1,0,8
chandler crescent,https://miltonly.com/streets/chandler-crescent-milton,0,1,0,11
chapman crescent,https://miltonly.com/streets/chapman-crescent-milton,0,2,0,3
chee chee landing milton,https://miltonly.com/streets/chee-chee-landing-milton,0,1,0,6
chester crescent,https://miltonly.com/streets/prosser-circle-milton,0,1,0,71
colville place,https://miltonly.com/streets/colville-place-milton,0,1,0,2
colville road,https://miltonly.com/streets/colville-place-milton,0,2,0,21.5
comercial street,https://miltonly.com/streets/commercial-street-milton,0,1,0,5
commercial st,https://miltonly.com/streets/commercial-street-milton,0,2,0,9.5
commercial street,https://miltonly.com/streets/commercial-street-milton,0,4,0,3.75
commercial street milton,https://miltonly.com/streets/commercial-street-milton,0,5,0,8.6
comparative analysis,https://miltonly.com/streets/bennett-boulevard-milton,0,1,0,4
connors landing,https://miltonly.com/streets/connors-landing-milton,0,1,0,3
conservation drive,https://miltonly.com/streets/conservation-road-milton,0,2,0,69
copeland circle,https://miltonly.com/streets/copeland-circle-milton,0,1,0,6
copeland road,https://miltonly.com/streets/copeland-circle-milton,0,1,0,55
copeland street,https://miltonly.com/streets/copeland-circle-milton,0,1,0,25
coulson avenue,https://miltonly.com/streets/coulson-avenue-milton,0,3,0,11
crotch crescent,https://miltonly.com/streets/gooch-crescent-milton,0,1,0,36
cunningham court,https://miltonly.com/streets/cunningham-court-milton,0,2,0,7
davidson avenue,https://miltonly.com/streets/coulson-avenue-milton,0,1,0,64
dawn crescent,https://miltonly.com/streets/dawson-crescent-milton,0,1,0,72
dawson ave,https://miltonly.com/streets/dawson-crescent-milton,0,1,0,47
dawson crescent,https://miltonly.com/streets/dawson-crescent-milton,0,2,0,11
dawson drive,https://miltonly.com/streets/dawson-crescent-milton,0,1,0,53
denison road,https://miltonly.com/streets/denison-place-milton,0,2,0,48.5
denison street,https://miltonly.com/streets/denison-place-milton,0,1,0,43
dent terrace,https://miltonly.com/streets/dent-terrace-milton,0,1,0,6
derry and trafalgar,https://miltonly.com/streets/trafalgar-road-milton,0,1,0,23
derry and tremaine,https://miltonly.com/streets/derry-road-n-a-milton,0,2,0,21
derry rd,https://miltonly.com/streets/derry-road-n-a-milton,0,4,0,20.25
derry road,https://miltonly.com/streets/derry-road-n-a-milton,0,2,0,22
derry road west,https://miltonly.com/streets/derry-road-n-a-milton,0,1,0,33
donnelly road,https://miltonly.com/streets/donnelly-street-milton,0,1,0,4
donnelly street,https://miltonly.com/streets/donnelly-street-milton,0,3,0,6.6667
duignan crescent milton,https://miltonly.com/streets/duignan-crescent-milton,0,5,0,7.2
eager road,https://miltonly.com/streets/eager-road-milton,0,2,0,8.5
edwardes street,https://miltonly.com/streets/edwards-avenue-milton,0,1,0,38
edwards avenue,https://miltonly.com/streets/edwards-avenue-milton,0,1,0,9
eighth line,https://miltonly.com/streets/eighth-line-milton,0,2,0,31.5
elsley court,https://miltonly.com/streets/elsley-court-milton,0,2,0,2
esquesing line,https://miltonly.com/streets/esquesing-line-milton,0,1,0,32
esquesing milton homes,https://miltonly.com/streets/esquesing-line-milton,0,2,0,5.5
featherstone road,https://miltonly.com/streets/featherstone-road-milton,0,4,0,17.5
fieldgate homes milton,https://miltonly.com/streets/field-drive-milton,0,3,0,76.3333
fieldstone drive,https://miltonly.com/streets/field-drive-milton,0,1,0,57
fifth line,https://miltonly.com/streets/fifth-line-nassagaweya-n-a-milton,0,3,0,27.6667
first line nassagaweya,https://miltonly.com/streets/first-line-nassagaweya-milton,0,1,0,23
forest drive,https://miltonly.com/streets/centennial-forest-drive-milton,0,1,0,48
gifford crescent,https://miltonly.com/streets/pozbou-crescent-milton,0,1,0,21
gooch st,https://miltonly.com/streets/gooch-crescent-milton,0,1,0,1
gordon krantz avenue,https://miltonly.com/streets/gordon-krantz-boulevard-milton,0,1,0,38
harrison road,https://miltonly.com/streets/harrison-road-milton,0,1,0,7
harvest drive,https://miltonly.com/streets/harvest-drive-milton,0,1,0,4
has it ever been listed for rent,https://miltonly.com/streets/van-fleet-terrace-milton,0,1,0,2
henderson road milton,https://miltonly.com/streets/henderson-road-milton,0,2,0,5
highside drive milton,https://miltonly.com/streets/highside-drive-milton,0,3,0,5.3333
highway 7,https://miltonly.com/streets/highway-7-milton,0,4,0,21.25
hobbs crescent,https://miltonly.com/streets/hobbs-crescent-milton,0,20,0,6.45
holloway terrace,https://miltonly.com/streets/holloway-terrace-milton,0,3,0,4.3333
home sales history,https://miltonly.com/streets/commercial-street-milton,0,1,0,3
home sales history,https://miltonly.com/streets/pitfield-road-milton,0,2,0,10.5
hoover crescent,https://miltonly.com/streets/baverstock-crescent-milton,0,1,0,37
house sold on cedric terrace milton in march 2023,https://miltonly.com/streets/magnolia-terrace-milton,0,7,0,26.1429
houston drive,https://miltonly.com/streets/highside-drive-milton,0,1,0,43
houston drive,https://miltonly.com/streets/severn-drive-milton,0,2,0,62
how much is it wirth,https://miltonly.com/streets/bussel-crescent-milton,0,1,0,6
how much is it worth,https://www.miltonly.com/streets/cabot-trail-milton,0,1,0,2
hutchinson ave,https://miltonly.com/streets/hutchinson-avenue-milton,0,1,0,5
hutchinson avenue,https://miltonly.com/streets/hutchinson-avenue-milton,0,12,0,7.6667
hutchinson street,https://miltonly.com/streets/hutchinson-avenue-milton,0,1,0,6
is it sweet,https://miltonly.com/streets/black-drive-milton,0,1,0,3
jelinik,https://miltonly.com/streets/jelinik-terrace-milton,0,1,0,5
kennedy circle,https://miltonly.com/streets/mcnair-circle-milton,0,1,0,63
kingsway place,https://miltonly.com/streets/kingsway-place-milton,0,1,0,10
kovachik blvd milton,https://miltonly.com/streets/kovachik-boulevard-milton,0,12,0,7.1667
laking terrace,https://miltonly.com/streets/celandine-terrace-milton,0,2,0,27
laking terrace,https://miltonly.com/streets/challinor-terrace-milton,0,1,0,44
lancaster boulevard,https://miltonly.com/streets/lancaster-boulevard-milton,0,1,0,22
landsborough,https://miltonly.com/streets/landsborough-avenue-milton,0,1,0,13
leiterman drive milton,https://miltonly.com/streets/leiterman-drive-milton,0,6,0,6.8333
leiterman park,https://miltonly.com/streets/leiterman-drive-milton,0,1,0,11
lemieux ontario,https://miltonly.com/streets/lemieux-court-milton,0,1,0,23
limestone road,https://miltonly.com/streets/limestone-road-milton,0,8,0,6.125
magnolia terrace,https://miltonly.com/streets/magnolia-terrace-milton,0,2,0,3.5
main st milton,https://miltonly.com/streets/main-street-milton,0,1,0,49
malvern drive,https://miltonly.com/streets/severn-drive-milton,0,1,0,68
marigold court,https://miltonly.com/streets/marigold-court-milton,0,5,0,7.8
marigold ct,https://miltonly.com/streets/marigold-court-milton,0,1,0,16
marigold road,https://miltonly.com/streets/marigold-court-milton,0,1,0,41
marsha street,https://miltonly.com/streets/marshall-crescent-milton,0,2,0,30.5
marshall avenue,https://miltonly.com/streets/marshall-crescent-milton,0,1,0,81
marshall crescent,https://miltonly.com/streets/marshall-crescent-milton,0,7,0,19
marshall street,https://miltonly.com/streets/marshall-crescent-milton,0,1,0,64
martin street,https://miltonly.com/streets/martin-street-milton,0,4,0,29.75
martin streets,https://miltonly.com/streets/martin-street-milton,0,1,0,24
mccuaig drive,https://miltonly.com/streets/mccuaig-drive-milton,0,1,0,10
milburough line,https://miltonly.com/streets/milburough-line-milton,0,1,0,10
miller way,https://miltonly.com/streets/miller-way-milton,0,1,0,16
milner rd,https://miltonly.com/streets/nairn-circle-milton,0,1,0,52
milner street,https://miltonly.com/streets/nairn-circle-milton,0,1,0,86
milton,https://miltonly.com/streets/appleby-line-milton,0,1,0,5
milton gate,https://miltonly.com/streets/magurn-gate-milton,0,2,0,38.5
milton road,https://miltonly.com/streets/limestone-road-milton,0,1,0,59
milton road,https://miltonly.com/streets/nipissing-road-milton,0,1,0,76
milton sold prices,https://miltonly.com/streets/commercial-street-milton,0,2,0,3
milton sold prices,https://miltonly.com/streets/derry-road-n-a-milton,0,2,0,8
minto avenue,https://miltonly.com/streets/minto-crescent-milton,0,1,0,54
mockridge terrace,https://miltonly.com/streets/mockridge-terrace-milton,0,1,0,4
murray meadows,https://miltonly.com/streets/murray-meadows-place-milton,0,2,0,4.5
nairn rd,https://miltonly.com/streets/nairn-circle-milton,0,1,0,42
nairn road,https://miltonly.com/streets/nairn-circle-milton,0,1,0,60
nassagaweya,https://miltonly.com/streets/6th-nassagaweya-line-milton,0,1,0,99
nassagaweya,https://miltonly.com/streets/fifth-line-nassagaweya-n-a-milton,0,1,0,78
nassagaweya,https://miltonly.com/streets/first-line-nassagaweya-milton,0,1,0,83
nassagaweya,https://miltonly.com/streets/fourth-line-nassagaweya-milton,0,1,0,57
nassagaweya,https://miltonly.com/streets/second-line-nassagaweya-milton,0,2,0,92
nassagaweya,https://miltonly.com/streets/sixth-line-nassagaweya-line-milton,0,1,0,97
nassagaweya,https://miltonly.com/streets/sixth-line-nassagaweya-milton,0,1,0,66
nassagaweya township,https://miltonly.com/streets/second-line-nassagaweya-milton,0,1,0,70
nipissing road,https://miltonly.com/streets/nipissing-road-milton,0,1,0,31
nixon crescent,https://miltonly.com/streets/dawson-crescent-milton,0,1,0,46
now,https://miltonly.com/streets/gooch-crescent-milton,0,1,0,7
oriole court,https://miltonly.com/streets/oriole-court-milton,0,1,0,12
oriole ct,https://miltonly.com/streets/oriole-court-milton,0,1,0,11
oriole rd,https://miltonly.com/streets/oriole-court-milton,0,1,0,43
oriole street,https://miltonly.com/streets/oriole-court-milton,0,1,0,29
patterson drive,https://miltonly.com/streets/patterson-drive-milton,0,1,0,24
periwinkle place,https://miltonly.com/streets/periwinkle-place-milton,0,3,0,10
pin point on map,https://miltonly.com/streets/milburough-line-milton,0,1,0,3
pleasant drive,https://miltonly.com/streets/harvest-drive-milton,0,1,0,74
pleasant drive,https://miltonly.com/streets/vanier-drive-milton,0,1,0,59
pringle ave,https://miltonly.com/streets/pringle-avenue-milton,0,1,0,25
pringle avenue,https://miltonly.com/streets/pringle-avenue-milton,0,8,0,12.625
prosser rd,https://miltonly.com/streets/prosser-circle-milton,0,1,0,22
raspberry park milton,https://miltonly.com/streets/raspberry-terrace-milton,0,2,0,11
raspberry terrace milton,https://miltonly.com/streets/raspberry-terrace-milton,0,3,0,7.3333
recently bought,https://miltonly.com/streets/downes-jackson-heights-milton,0,1,0,3
ridgeview court,https://miltonly.com/streets/dredge-court-milton,0,1,0,77
robert st,https://miltonly.com/streets/robert-street-milton,0,1,0,54
robert street,https://miltonly.com/streets/robert-street-milton,0,4,0,48
robertson crescent,https://miltonly.com/streets/robertson-crescent-milton,0,1,0,14
rose way,https://miltonly.com/streets/rose-way-milton,0,1,0,44
rose way milton,https://miltonly.com/streets/rose-way-milton,0,2,0,26.5
roseway milton,https://miltonly.com/streets/rose-way-milton,0,1,0,26
ruhl drive milton,https://miltonly.com/streets/ruhl-drive-milton,0,8,0,8.875
schreyer crescent,https://miltonly.com/streets/schreyer-crescent-milton,0,1,0,19
schreyer crescent,https://miltonly.com/streets/switzer-crescent-milton,0,1,0,44
serena drive,https://miltonly.com/streets/severn-drive-milton,0,1,0,52
severn drive,https://miltonly.com/streets/severn-drive-milton,0,1,0,29
severn street,https://miltonly.com/streets/severn-drive-milton,0,1,0,62
side road,https://miltonly.com/streets/side-road-milton,0,3,0,17
side road 10,https://miltonly.com/streets/sideroad-10-milton,0,3,0,39.3333
sierra drive,https://miltonly.com/streets/severn-drive-milton,0,1,0,85
sierra drive,https://miltonly.com/streets/syer-drive-milton,0,1,0,63
sixth line nassagaweya,https://miltonly.com/streets/sixth-line-nassagaweya-line-milton,0,2,0,10
sixth line nassagaweya,https://miltonly.com/streets/sixth-line-nassagaweya-milton,0,2,0,9.5
steel avenue,https://miltonly.com/streets/steeles-avenue-milton,0,1,0,30
steeles ave,https://miltonly.com/streets/steeles-avenue-milton,0,2,0,38.5
steeles ave west,https://miltonly.com/streets/steeles-avenue-milton,0,1,0,30
steeles avenue,https://miltonly.com/streets/steeles-avenue-milton,0,7,0,38.1429
steeles avenue milton,https://miltonly.com/streets/steeles-avenue-milton,0,1,0,28
steeles avenue west,https://miltonly.com/streets/steeles-avenue-milton,0,3,0,29
steels ave,https://miltonly.com/streets/steeles-avenue-milton,0,1,0,42
stirling todd terrace milton,https://miltonly.com/streets/stirling-todd-terrace-milton,0,1,0,4
stokes trail,https://miltonly.com/streets/stokes-trail-milton,0,3,0,7.3333
streets in milton ontario,https://www.miltonly.com/streets/5-road-milton,0,1,0,9
sumac street,https://miltonly.com/streets/sumac-crescent-milton,0,2,0,40.5
swan crescent,https://miltonly.com/streets/swann-crescent-milton,0,1,0,3
syer drive milton,https://miltonly.com/streets/syer-drive-milton,0,9,0,5.6667
tanner drive,https://miltonly.com/streets/vanier-drive-milton,0,1,0,56
tell me how many,https://miltonly.com/streets/apple-terrace-milton,0,1,0,3
the heights muskoka,https://miltonly.com/streets/muskoka-heights-milton,0,2,0,10.5
thompson and derry milton,https://miltonly.com/streets/derry-road-n-a-milton,0,1,0,55
trafalgar and britannia,https://miltonly.com/streets/britannia-road-milton,0,1,0,19
trafalgar court,https://miltonly.com/streets/trafalgar-court-milton,0,1,0,47
trafalgar drive,https://miltonly.com/streets/trafalgar-road-milton,0,1,0,20
trafalgar rd,https://miltonly.com/streets/trafalgar-road-milton,0,1,0,43
trafalgar road,https://miltonly.com/streets/trafalgar-road-milton,0,2,0,27.5
tremaine road,https://miltonly.com/streets/old-tremaine-road-milton,0,1,0,33
trudeau drive,https://miltonly.com/streets/trudeau-upstairs-drive-milton,0,4,0,29.5
value,https://miltonly.com/streets/centennial-forest-drive-milton,0,1,0,3
vanier drive,https://miltonly.com/streets/vanier-drive-milton,0,2,0,23
wagner drive,https://miltonly.com/streets/vanier-drive-milton,0,1,0,51
wakefield road,https://miltonly.com/streets/wakefield-road-milton,0,3,0,36
weston drive,https://miltonly.com/streets/weston-drive-milton,0,3,0,17
wettlaufer terrace,https://miltonly.com/streets/wettlaufer-terrace-milton,0,7,0,9.5714
wettlaufer terrace milton,https://miltonly.com/streets/wettlaufer-terrace-milton,0,5,0,15
what district is this,https://miltonly.com/streets/bellflower-court-milton,0,1,0,6
what is it worth today,https://miltonly.com/streets/first-line-milton,0,1,0,8
what is the current selling price?,https://miltonly.com/streets/britannia-road-milton,0,1,0,3
where is campbellville,https://miltonly.com/streets/campbellville-road-milton,0,2,0,61
where is campbellville ontario,https://miltonly.com/streets/campbellville-road-milton,0,1,0,72
williams ave,https://miltonly.com/streets/williams-avenue-milton,0,1,0,6
williams avenue,https://miltonly.com/streets/williams-avenue-milton,0,2,0,4
williams milton,https://miltonly.com/streets/williams-avenue-milton,0,4,0,44.25
willow ave,https://miltonly.com/streets/willow-basement-avenue-milton,0,3,0,24
willowdale ave,https://miltonly.com/streets/willow-basement-avenue-milton,0,1,0,58
willowdale avenue,https://miltonly.com/streets/willow-basement-avenue-milton,0,2,0,56.5
wilson drive,https://miltonly.com/streets/wilson-drive-milton,0,3,0,4.6667
winter crescent,https://miltonly.com/streets/winter-crescent-milton,0,2,0,16.5
woodclose,https://miltonly.com/streets/wood-close-milton,0,1,0,18
yes,https://miltonly.com/streets/nassagaweya-esquesing-townline-milton,0,1,0,10
yes,https://miltonly.com/streets/prosser-circle-milton,0,1,0,8
