page,in_sitemap,is_placeholder,impressions,clicks,ctr,position
https://miltonly.com/streets/10-side-road-milton,true,false,0,0,,
https://miltonly.com/streets/14-side-road-milton,true,false,0,0,,
https://miltonly.com/streets/15-side-road-milton,true,false,15,0,0,6.9333
https://miltonly.com/streets/15th-side-road-milton,false,n/a,104,4,0.0385,7.2981
https://miltonly.com/streets/20-side-road-milton,true,false,41,0,0,7.1463
https://miltonly.com/streets/20th-side-road-milton,true,false,54,1,0.0185,7.8519
https://miltonly.com/streets/25-side-road-milton,true,true,49,1,0.0204,5.898
https://miltonly.com/streets/3-side-road-milton,true,false,27,1,0.037,6.7407
https://miltonly.com/streets/30-side-road-milton,true,false,0,0,,
https://miltonly.com/streets/3rd-side-road-milton,false,n/a,15,0,0,7.3333
https://miltonly.com/streets/5-side-road-milton,true,false,0,0,,
https://miltonly.com/streets/6th-nassagaweya-line-milton,false,n/a,2,0,0,50.5
https://miltonly.com/streets/abbott-street-milton,true,false,0,0,,
https://miltonly.com/streets/agnew-crescent-milton,true,false,26,0,0,6.8846
https://miltonly.com/streets/aird-court-milton,true,false,0,0,,
https://miltonly.com/streets/alder-gate-milton,true,false,0,0,,
https://miltonly.com/streets/alexander-crescent-milton,true,false,4,0,0,7.25
https://miltonly.com/streets/ambroise-crescent-milton,true,false,16,0,0,6.375
https://miltonly.com/streets/amos-drive-milton,true,false,27,0,0,10.1481
https://miltonly.com/streets/anderson-avenue-milton,true,false,0,0,,
https://miltonly.com/streets/andrews-trail-milton,true,false,86,0,0,6.6047
https://miltonly.com/streets/anne-boulevard-milton,true,false,0,0,,
https://miltonly.com/streets/apple-terrace-milton,true,false,79,1,0.0127,5.7342
https://miltonly.com/streets/appleby-line-milton,true,true,4,0,0,8
https://miltonly.com/streets/applewood-crescent-milton,true,false,0,0,,
https://miltonly.com/streets/archer-way-milton,true,false,0,0,,
https://miltonly.com/streets/argall-court-milton,true,false,15,0,0,6.0667
https://miltonly.com/streets/armstrong-boulevard-milton,true,false,0,0,,
https://miltonly.com/streets/arthurs-way-milton,true,false,0,0,,
https://miltonly.com/streets/ashbrook-court-milton,true,false,0,0,,
https://miltonly.com/streets/asleton-boulevard-milton,true,false,0,0,,
https://miltonly.com/streets/aspen-terrace-milton,true,false,0,0,,
https://miltonly.com/streets/attenborough-terrace-milton,true,false,48,2,0.0417,5.9375
https://miltonly.com/streets/auger-terrace-milton,true,false,0,0,,
https://miltonly.com/streets/babcock-crescent-milton,true,false,26,0,0,5.5769
https://miltonly.com/streets/balsam-court-milton,true,false,0,0,,
https://miltonly.com/streets/banks-crescent-milton,true,false,13,1,0.0769,7.0769
https://miltonly.com/streets/banting-court-milton,true,false,0,0,,
https://miltonly.com/streets/barclay-circle-milton,true,false,20,0,0,11.25
https://miltonly.com/streets/bardoe-crescent-milton,true,false,0,0,,
https://miltonly.com/streets/barr-crescent-milton,true,false,0,0,,
https://miltonly.com/streets/bartleman-terrace-milton,true,false,0,0,,
https://miltonly.com/streets/barton-street-milton,true,false,16,0,0,11.4375
https://miltonly.com/streets/basswood-crescent-milton,true,false,13,0,0,5.6154
https://miltonly.com/streets/bastedo-court-milton,true,false,0,0,,
https://miltonly.com/streets/baverstock-crescent-milton,true,false,39,1,0.0256,7.1282
https://miltonly.com/streets/baylis-court-milton,true,false,0,0,,
https://miltonly.com/streets/beacham-court-milton,true,false,0,0,,
https://miltonly.com/streets/beam-court-milton,true,false,0,0,,
https://miltonly.com/streets/beard-drive-milton,true,false,0,0,,
https://miltonly.com/streets/beasley-terrace-milton,true,false,18,0,0,5.7778
https://miltonly.com/streets/beaty-trail-milton,true,false,0,0,,
https://miltonly.com/streets/beaver-court-milton,true,false,0,0,,
https://miltonly.com/streets/bell-school-line-milton,false,n/a,70,1,0.0143,7.2
https://miltonly.com/streets/bell-street-milton,true,false,0,0,,
https://miltonly.com/streets/bellflower-court-milton,true,false,40,0,0,4.625
https://miltonly.com/streets/belmore-court-milton,true,false,0,0,,
https://miltonly.com/streets/bennett-boulevard-milton,true,false,26,0,0,7.4615
https://miltonly.com/streets/bergamot-avenue-milton,true,false,24,0,0,7
https://miltonly.com/streets/bessborough-drive-milton,true,false,0,0,,
https://miltonly.com/streets/bessy-trail-milton,true,false,36,0,0,6.25
https://miltonly.com/streets/bews-landing-milton,true,false,0,0,,
https://miltonly.com/streets/biggar-heights-milton,true,false,23,0,0,7.087
https://miltonly.com/streets/bishop-court-milton,true,false,0,0,,
https://miltonly.com/streets/black-drive-milton,true,false,16,1,0.0625,5.875
https://miltonly.com/streets/blacklock-street-milton,true,false,0,0,,
https://miltonly.com/streets/blinco-terrace-milton,true,false,0,0,,
https://miltonly.com/streets/boland-crescent-milton,true,false,20,0,0,9.2
https://miltonly.com/streets/bolingbroke-drive-milton,true,false,0,0,,
https://miltonly.com/streets/bond-head-court-milton,true,false,0,0,,
https://miltonly.com/streets/bonin-crescent-milton,true,false,23,0,0,7
https://miltonly.com/streets/borden-lane-milton,true,false,0,0,,
https://miltonly.com/streets/boughton-crescent-milton,true,false,0,0,,
https://miltonly.com/streets/bowell-crescent-milton,true,false,0,0,,
https://miltonly.com/streets/bowring-crescent-milton,true,false,0,0,,
https://miltonly.com/streets/boyd-lane-milton,true,false,0,0,,
https://miltonly.com/streets/brandon-terrace-milton,true,false,68,1,0.0147,7.1912
https://miltonly.com/streets/brassard-circle-milton,true,false,0,0,,
https://miltonly.com/streets/briar-crescent-milton,true,false,0,0,,
https://miltonly.com/streets/britannia-road-milton,true,false,22,0,0,9.4091
https://miltonly.com/streets/britton-crescent-milton,true,false,0,0,,
https://miltonly.com/streets/broadway-avenue-milton,true,false,33,2,0.0606,12.6667
https://miltonly.com/streets/brock-court-milton,true,false,0,0,,
https://miltonly.com/streets/bronson-terrace-milton,true,false,0,0,,
https://miltonly.com/streets/bronte-street-milton,true,false,0,0,,
https://miltonly.com/streets/brothers-crescent-milton,true,false,0,0,,
https://miltonly.com/streets/brush-road-milton,true,false,0,0,,
https://miltonly.com/streets/buck-drive-milton,true,false,0,0,,
https://miltonly.com/streets/buckeye-court-milton,true,false,0,0,,
https://miltonly.com/streets/buckthorn-garden-milton,true,false,2,0,0,3.5
https://miltonly.com/streets/bundy-drive-milton,true,false,0,0,,
https://miltonly.com/streets/burdock-court-milton,true,false,0,0,,
https://miltonly.com/streets/burgess-garden-milton,true,false,3,0,0,6.3333
https://miltonly.com/streets/burnhamthorpe-road-milton,true,true,0,0,,
https://miltonly.com/streets/burrows-gate-milton,true,false,0,0,,
https://miltonly.com/streets/bussel-crescent-milton,true,false,19,0,0,7.2105
https://miltonly.com/streets/buttercup-court-milton,true,false,32,2,0.0625,5.375
https://miltonly.com/streets/byng-court-milton,true,false,0,0,,
https://miltonly.com/streets/cabot-trail-milton,true,false,41,0,0,7.1707
https://miltonly.com/streets/cahoun-terrace-milton,true,false,0,0,,
https://miltonly.com/streets/caldwell-crescent-milton,true,false,0,0,,
https://miltonly.com/streets/calla-point-milton,true,false,5,0,0,4.4
https://miltonly.com/streets/campbell-avenue-milton,true,false,0,0,,
https://miltonly.com/streets/campbellville-road-milton,true,false,43,0,0,47.6744
https://miltonly.com/streets/carbert-crescent-milton,true,false,0,0,,
https://miltonly.com/streets/cargill-path-milton,true,false,8,0,0,4.5
https://miltonly.com/streets/carr-landing-milton,true,false,0,0,,
https://miltonly.com/streets/cartmer-way-milton,true,false,0,0,,
https://miltonly.com/streets/casson-point-milton,true,false,0,0,,
https://miltonly.com/streets/cathcart-crescent-milton,true,false,0,0,,
https://miltonly.com/streets/cavanagh-lane-milton,true,false,0,0,,
https://miltonly.com/streets/caverhill-crescent-milton,true,false,0,0,,
https://miltonly.com/streets/caves-court-milton,true,false,0,0,,
https://miltonly.com/streets/cedar-hedge-road-milton,true,false,18,0,0,7.3333
https://miltonly.com/streets/cedar-trail-milton,true,false,0,0,,
https://miltonly.com/streets/cedarbrae-avenue-milton,true,false,0,0,,
https://miltonly.com/streets/cedric-terrace-milton,true,false,0,0,,
https://miltonly.com/streets/celandine-terrace-milton,true,false,68,1,0.0147,6.2206
https://miltonly.com/streets/centennial-forest-drive-milton,true,false,34,0,0,11
https://miltonly.com/streets/challinor-terrace-milton,true,false,57,1,0.0175,7.5439
https://miltonly.com/streets/chambers-place-milton,true,false,1,0,0,11
https://miltonly.com/streets/chamomile-crescent-milton,true,false,30,0,0,3.6333
https://miltonly.com/streets/chandler-crescent-milton,true,false,10,0,0,8.2
https://miltonly.com/streets/chapman-crescent-milton,true,false,13,0,0,6.3846
https://miltonly.com/streets/charles-street-milton,true,false,0,0,,
https://miltonly.com/streets/charlton-way-milton,true,false,0,0,,
https://miltonly.com/streets/chee-chee-landing-milton,true,false,7,0,0,6.5714
https://miltonly.com/streets/chestnut-heights-milton,true,false,0,0,,
https://miltonly.com/streets/childs-drive-milton,true,false,0,0,,
https://miltonly.com/streets/chilver-heights-milton,true,false,56,0,0,6.1607
https://miltonly.com/streets/chretien-street-milton,true,false,108,1,0.0093,7.5833
https://miltonly.com/streets/christie-circle-milton,true,false,0,0,,
https://miltonly.com/streets/chuchmach-close-milton,true,false,0,0,,
https://miltonly.com/streets/churchill-avenue-milton,true,false,0,0,,
https://miltonly.com/streets/clark-boulevard-milton,true,false,0,0,,
https://miltonly.com/streets/clarkson-gate-milton,true,false,7,0,0,7.1429
https://miltonly.com/streets/clements-drive-milton,true,false,0,0,,
https://miltonly.com/streets/clifford-point-milton,true,false,0,0,,
https://miltonly.com/streets/clitherow-street-milton,true,false,5,0,0,7
https://miltonly.com/streets/clover-park-crescent-milton,true,false,0,0,,
https://miltonly.com/streets/coates-drive-milton,true,false,0,0,,
https://miltonly.com/streets/cobban-road-milton,true,false,0,0,,
https://miltonly.com/streets/cochrane-terrace-milton,true,false,14,0,0,8.6429
https://miltonly.com/streets/collis-court-milton,true,false,12,0,0,6.1667
https://miltonly.com/streets/colville-place-milton,true,false,10,0,0,9.1
https://miltonly.com/streets/commercial-street-milton,true,false,33,0,0,6.6364
https://miltonly.com/streets/connaught-terrace-milton,true,false,0,0,,
https://miltonly.com/streets/connors-landing-milton,true,false,2,0,0,2
https://miltonly.com/streets/conservation-road-milton,true,false,3,0,0,48.3333
https://miltonly.com/streets/conway-court-milton,true,false,0,0,,
https://miltonly.com/streets/cooke-crescent-milton,true,false,5,0,0,6.6
https://miltonly.com/streets/cookman-drive-milton,true,false,9,0,0,3.7778
https://miltonly.com/streets/coombs-court-milton,true,false,10,0,0,7.5
https://miltonly.com/streets/cooper-avenue-milton,true,false,0,0,,
https://miltonly.com/streets/copeland-circle-milton,true,false,52,0,0,6.8462
https://miltonly.com/streets/copley-court-milton,true,false,0,0,,
https://miltonly.com/streets/costigan-road-milton,true,false,58,1,0.0172,7.6379
https://miltonly.com/streets/coulson-avenue-milton,true,false,34,0,0,13.2059
https://miltonly.com/streets/country-lane-court-milton,true,false,0,0,,
https://miltonly.com/streets/court-street-milton,true,false,3,0,0,6.3333
https://miltonly.com/streets/cousens-terrace-milton,true,false,0,0,,
https://miltonly.com/streets/coxe-boulevard-milton,true,false,0,0,,
https://miltonly.com/streets/cranberry-crescent-milton,true,false,0,0,,
https://miltonly.com/streets/crawford-crescent-milton,true,false,0,0,,
https://miltonly.com/streets/croft-avenue-milton,true,false,0,0,,
https://miltonly.com/streets/crozier-crescent-milton,true,false,0,0,,
https://miltonly.com/streets/culcastle-drive-milton,true,false,0,0,,
https://miltonly.com/streets/cumming-boulevard-milton,true,false,0,0,,
https://miltonly.com/streets/cunningham-court-milton,true,false,6,1,0.1667,5
https://miltonly.com/streets/cusick-circle-milton,true,false,0,0,,
https://miltonly.com/streets/dalgleish-garden-milton,true,false,0,0,,
https://miltonly.com/streets/dalhousie-gate-milton,true,false,0,0,,
https://miltonly.com/streets/dance-court-milton,true,false,0,0,,
https://miltonly.com/streets/darkwood-road-milton,false,n/a,11,0,0,7.9091
https://miltonly.com/streets/davis-lane-milton,true,false,0,0,,
https://miltonly.com/streets/dawson-crescent-milton,true,false,19,0,0,19.2632
https://miltonly.com/streets/day-terrace-milton,true,false,0,0,,
https://miltonly.com/streets/deacon-drive-milton,true,false,0,0,,
https://miltonly.com/streets/dempsey-crescent-milton,true,false,0,0,,
https://miltonly.com/streets/denison-place-milton,false,n/a,19,0,0,12.1053
https://miltonly.com/streets/dent-terrace-milton,true,false,86,2,0.0233,4.9535
https://miltonly.com/streets/denyes-way-milton,true,true,0,0,,
https://miltonly.com/streets/derry-road-milton,true,false,0,0,,
https://miltonly.com/streets/derry-road-n-a-milton,false,n/a,19,0,0,17.3158
https://miltonly.com/streets/detlor-heights-milton,true,false,0,0,,
https://miltonly.com/streets/deverell-place-milton,true,false,8,1,0.125,9.75
https://miltonly.com/streets/devine-point-milton,true,false,7,0,0,7
https://miltonly.com/streets/dewar-court-milton,true,true,0,0,,
https://miltonly.com/streets/dice-way-milton,true,false,0,0,,
https://miltonly.com/streets/diefenbaker-street-milton,true,false,0,0,,
https://miltonly.com/streets/dills-crescent-milton,true,false,0,0,,
https://miltonly.com/streets/dinsmore-drive-milton,true,false,0,0,,
https://miltonly.com/streets/dixon-drive-milton,true,false,0,0,,
https://miltonly.com/streets/dockray-drive-milton,true,false,0,0,,
https://miltonly.com/streets/dolby-crescent-milton,true,false,21,0,0,6.6667
https://miltonly.com/streets/donaldson-lane-milton,true,true,0,0,,
https://miltonly.com/streets/donnelly-street-milton,true,false,21,0,0,4.7619
https://miltonly.com/streets/donovan-heights-milton,true,false,0,0,,
https://miltonly.com/streets/doran-crescent-milton,true,false,7,0,0,8
https://miltonly.com/streets/dow-landing-milton,true,false,0,0,,
https://miltonly.com/streets/downes-jackson-heights-milton,true,false,5,0,0,5.6
https://miltonly.com/streets/dredge-court-milton,false,n/a,18,0,0,11.5556
https://miltonly.com/streets/drew-centre-milton,true,false,0,0,,
https://miltonly.com/streets/drysdale-crescent-milton,true,false,0,0,,
https://miltonly.com/streets/duff-crescent-milton,true,false,0,0,,
https://miltonly.com/streets/duignan-crescent-milton,true,false,23,0,0,6.3043
https://miltonly.com/streets/duncan-lane-milton,true,false,0,0,,
https://miltonly.com/streets/durno-court-milton,true,true,0,0,,
https://miltonly.com/streets/dymott-avenue-milton,true,false,32,0,0,5.875
https://miltonly.com/streets/eager-road-milton,false,n/a,19,0,0,9
https://miltonly.com/streets/earl-crescent-milton,true,false,0,0,,
https://miltonly.com/streets/eden-place-milton,true,false,0,0,,
https://miltonly.com/streets/edison-court-milton,true,false,0,0,,
https://miltonly.com/streets/edwards-avenue-milton,true,false,42,0,0,7.2619
https://miltonly.com/streets/eighth-line-milton,true,true,19,0,0,8.8421
https://miltonly.com/streets/elderberry-crescent-milton,true,false,0,0,,
https://miltonly.com/streets/ellenton-crescent-milton,true,false,24,0,0,9.125
https://miltonly.com/streets/elliott-crescent-milton,true,false,0,0,,
https://miltonly.com/streets/ellis-crescent-milton,true,false,0,0,,
https://miltonly.com/streets/elm-avenue-milton,true,false,0,0,,
https://miltonly.com/streets/elmwood-crescent-milton,true,false,0,0,,
https://miltonly.com/streets/elsley-court-milton,true,false,9,0,0,5
https://miltonly.com/streets/elsworthy-crossing-milton,true,false,0,0,,
https://miltonly.com/streets/emmett-landing-milton,true,false,1,0,0,6
https://miltonly.com/streets/english-mill-court-milton,true,false,1,0,0,2
https://miltonly.com/streets/ennisclare-drive-milton,false,n/a,12,0,0,19.4167
https://miltonly.com/streets/esquesing-line-milton,true,false,12,0,0,7.3333
https://miltonly.com/streets/etheridge-avenue-milton,true,false,170,2,0.0118,6.0529
https://miltonly.com/streets/etherington-way-milton,true,false,29,0,0,8.2414
https://miltonly.com/streets/eves-gate-milton,true,false,4,0,0,9.25
https://miltonly.com/streets/ezard-crescent-milton,true,false,0,0,,
https://miltonly.com/streets/farlow-crescent-milton,true,false,17,1,0.0588,6.8824
https://miltonly.com/streets/farmstead-drive-milton,true,false,0,0,,
https://miltonly.com/streets/farrell-court-milton,true,true,0,0,,
https://miltonly.com/streets/farrington-crossing-milton,true,false,0,0,,
https://miltonly.com/streets/fasken-court-milton,true,false,0,0,,
https://miltonly.com/streets/featherstone-road-milton,true,false,20,0,0,10.05
https://miltonly.com/streets/fennamore-terrace-milton,true,false,0,0,,
https://miltonly.com/streets/ferguson-drive-milton,true,false,0,0,,
https://miltonly.com/streets/field-drive-milton,true,false,18,0,0,23.7222
https://miltonly.com/streets/fifth-line-milton,true,false,0,0,,
https://miltonly.com/streets/fifth-line-nassagaweya-milton,true,true,0,0,,
https://miltonly.com/streets/fifth-line-nassagaweya-n-a-milton,false,n/a,31,0,0,10.7097
https://miltonly.com/streets/finney-terrace-milton,true,false,0,0,,
https://miltonly.com/streets/fir-court-milton,false,n/a,7,0,0,5.4286
https://miltonly.com/streets/fireweed-gate-milton,true,false,0,0,,
https://miltonly.com/streets/first-line-milton,true,false,13,0,0,5.9231
https://miltonly.com/streets/first-line-nassagaweya-line-milton,false,n/a,13,0,0,5.9231
https://miltonly.com/streets/first-line-nassagaweya-milton,true,true,110,1,0.0091,7.4818
https://miltonly.com/streets/fitzgerald-crescent-milton,true,false,0,0,,
https://miltonly.com/streets/five-side-road-milton,true,false,9,0,0,9.2222
https://miltonly.com/streets/fleming-drive-milton,true,false,0,0,,
https://miltonly.com/streets/forbes-terrace-milton,true,false,0,0,,
https://miltonly.com/streets/foster-court-milton,true,false,0,0,,
https://miltonly.com/streets/fourth-line-milton,true,false,0,0,,
https://miltonly.com/streets/fourth-line-nassagaweya-milton,true,true,42,0,0,8.2381
https://miltonly.com/streets/fowles-court-milton,true,false,0,0,,
https://miltonly.com/streets/fox-crescent-milton,true,false,0,0,,
https://miltonly.com/streets/frank-place-milton,true,false,0,0,,
https://miltonly.com/streets/freeman-trail-milton,true,false,1,0,0,6
https://miltonly.com/streets/french-garden-milton,true,true,0,0,,
https://miltonly.com/streets/frobisher-boulevard-milton,true,false,0,0,,
https://miltonly.com/streets/frost-court-milton,true,true,0,0,,
https://miltonly.com/streets/fullum-landing-milton,true,false,0,0,,
https://miltonly.com/streets/fulton-street-milton,true,false,0,0,,
https://miltonly.com/streets/gainer-crescent-milton,true,false,3,0,0,5.3333
https://miltonly.com/streets/geddes-landing-milton,true,false,0,0,,
https://miltonly.com/streets/gervais-terrace-milton,true,false,5,0,0,6.8
https://miltonly.com/streets/gibson-crescent-milton,true,false,0,0,,
https://miltonly.com/streets/giddings-crescent-milton,true,false,0,0,,
https://miltonly.com/streets/gifford-crescent-milton,true,false,0,0,,
https://miltonly.com/streets/gillett-point-milton,true,false,0,0,,
https://miltonly.com/streets/given-lane-milton,true,false,0,0,,
https://miltonly.com/streets/gleave-terrace-milton,true,false,32,1,0.0313,5.5313
https://miltonly.com/streets/gleeson-road-milton,true,false,0,0,,
https://miltonly.com/streets/glenda-jane-drive-milton,true,false,0,0,,
https://miltonly.com/streets/gollins-drive-milton,true,false,8,0,0,7.5
https://miltonly.com/streets/gooch-crescent-milton,true,false,39,1,0.0256,6.1282
https://miltonly.com/streets/gooding-crescent-milton,true,false,0,0,,
https://miltonly.com/streets/goodwin-crescent-milton,true,false,0,0,,
https://miltonly.com/streets/gordon-heights-milton,true,false,0,0,,
https://miltonly.com/streets/gordon-krantz-avenue-milton,true,false,0,0,,
https://miltonly.com/streets/gordon-krantz-boulevard-milton,false,n/a,4,0,0,11
https://miltonly.com/streets/gordon-krantz-unit-102-avenue-milton,false,n/a,1,0,0,8
https://miltonly.com/streets/gore-court-milton,true,false,0,0,,
https://miltonly.com/streets/gorham-way-milton,true,false,50,5,0.1,3.78
https://miltonly.com/streets/gosford-crescent-milton,true,false,0,0,,
https://miltonly.com/streets/goutouski-crescent-milton,true,false,6,0,0,9.5
https://miltonly.com/streets/governors-court-milton,true,false,0,0,,
https://miltonly.com/streets/gowling-terrace-milton,true,false,0,0,,
https://miltonly.com/streets/graham-bell-court-milton,true,false,14,0,0,7.4286
https://miltonly.com/streets/grant-way-milton,true,false,0,0,,
https://miltonly.com/streets/greenlees-circle-milton,true,false,0,0,,
https://miltonly.com/streets/grenke-place-milton,false,n/a,23,0,0,8.1304
https://miltonly.com/streets/grey-landing-milton,true,false,0,0,,
https://miltonly.com/streets/guelph-junction-road-milton,true,false,0,0,,
https://miltonly.com/streets/guelph-line-milton,true,false,0,0,,
https://miltonly.com/streets/hadley-woods-terrace-milton,true,false,0,0,,
https://miltonly.com/streets/halton-avenue-milton,true,false,0,0,,
https://miltonly.com/streets/hamilton-crescent-milton,true,false,0,0,,
https://miltonly.com/streets/hamman-way-milton,true,false,0,0,,
https://miltonly.com/streets/hampshire-way-milton,true,false,0,0,,
https://miltonly.com/streets/hanson-crescent-milton,true,false,0,0,,
https://miltonly.com/streets/harkin-place-milton,true,false,0,0,,
https://miltonly.com/streets/harris-boulevard-milton,true,false,5,0,0,3.8
https://miltonly.com/streets/harrison-road-milton,true,false,2,0,0,7.5
https://miltonly.com/streets/hartley-boulevard-milton,true,true,0,0,,
https://miltonly.com/streets/harvest-drive-milton,true,false,35,1,0.0286,9.6571
https://miltonly.com/streets/harwood-drive-milton,true,false,0,0,,
https://miltonly.com/streets/hasselfeldt-heights-milton,true,false,0,0,,
https://miltonly.com/streets/hatt-court-milton,true,false,3,0,0,8
https://miltonly.com/streets/hatton-crossing-milton,true,false,0,0,,
https://miltonly.com/streets/havelock-garden-milton,true,false,0,0,,
https://miltonly.com/streets/haws-crescent-milton,true,false,0,0,,
https://miltonly.com/streets/hawthorne-crescent-milton,true,false,0,0,,
https://miltonly.com/streets/haxton-heights-milton,true,false,0,0,,
https://miltonly.com/streets/hayward-crescent-milton,true,false,0,0,,
https://miltonly.com/streets/hazel-way-milton,true,false,0,0,,
https://miltonly.com/streets/hearns-place-milton,true,false,0,0,,
https://miltonly.com/streets/hearst-boulevard-milton,true,false,0,0,,
https://miltonly.com/streets/heaven-crescent-milton,true,false,10,0,0,5.8
https://miltonly.com/streets/hemlock-drive-milton,true,false,0,0,,
https://miltonly.com/streets/hemstreet-crescent-milton,true,false,0,0,,
https://miltonly.com/streets/henderson-road-milton,true,false,20,2,0.1,6.55
https://miltonly.com/streets/henry-crescent-milton,true,false,0,0,,
https://miltonly.com/streets/hepburn-road-milton,true,false,0,0,,
https://miltonly.com/streets/herman-way-milton,true,false,0,0,,
https://miltonly.com/streets/heslop-road-milton,true,true,0,0,,
https://miltonly.com/streets/hickory-crescent-milton,true,false,9,0,0,4.8889
https://miltonly.com/streets/higginbotham-crescent-milton,true,true,0,0,,
https://miltonly.com/streets/highside-drive-milton,true,false,31,0,0,8.129
https://miltonly.com/streets/highway-7-milton,true,true,10,0,0,12.9
https://miltonly.com/streets/hill-street-milton,true,false,0,0,,
https://miltonly.com/streets/hilson-heights-milton,true,false,0,0,,
https://miltonly.com/streets/hinchey-crescent-milton,true,false,0,0,,
https://miltonly.com/streets/hincks-drive-milton,true,false,0,0,,
https://miltonly.com/streets/hinton-terrace-milton,true,false,32,0,0,7
https://miltonly.com/streets/hobbs-crescent-milton,true,false,58,4,0.069,6.3448
https://miltonly.com/streets/holbrook-court-milton,true,false,0,0,,
https://miltonly.com/streets/holdsworth-crescent-milton,true,false,41,1,0.0244,6.561
https://miltonly.com/streets/holland-heights-milton,true,false,0,0,,
https://miltonly.com/streets/hollinrake-crescent-milton,true,false,0,0,,
https://miltonly.com/streets/holloway-terrace-milton,true,false,40,1,0.025,6.35
https://miltonly.com/streets/holly-avenue-milton,true,false,0,0,,
https://miltonly.com/streets/holmes-crescent-milton,true,false,0,0,,
https://miltonly.com/streets/hood-terrace-milton,true,false,0,0,,
https://miltonly.com/streets/hop-place-milton,true,false,0,0,,
https://miltonly.com/streets/houston-drive-milton,true,false,0,0,,
https://miltonly.com/streets/howden-crescent-milton,true,false,0,0,,
https://miltonly.com/streets/huddlestone-crescent-milton,true,false,0,0,,
https://miltonly.com/streets/huffman-cres-crescent-milton,false,n/a,6,0,0,4.6667
https://miltonly.com/streets/huffman-crescent-milton,true,false,9,1,0.1111,6.4444
https://miltonly.com/streets/hume-way-milton,true,false,0,0,,
https://miltonly.com/streets/huntingford-gate-milton,true,false,0,0,,
https://miltonly.com/streets/husband-place-milton,true,false,0,0,,
https://miltonly.com/streets/hutchinson-avenue-milton,true,true,25,0,0,6.48
https://miltonly.com/streets/inglis-drive-milton,true,false,0,0,,
https://miltonly.com/streets/inman-heights-milton,true,false,0,0,,
https://miltonly.com/streets/irving-terrace-milton,true,false,0,0,,
https://miltonly.com/streets/izumi-gate-milton,true,false,0,0,,
https://miltonly.com/streets/jackman-gate-milton,true,false,0,0,,
https://miltonly.com/streets/james-street-milton,true,false,0,0,,
https://miltonly.com/streets/jarrett-cross-milton,false,n/a,2,0,0,4
https://miltonly.com/streets/jarrett-crossing-milton,true,false,0,0,,
https://miltonly.com/streets/jarvie-crescent-milton,true,false,0,0,,
https://miltonly.com/streets/jasper-street-milton,false,n/a,2,0,0,4
https://miltonly.com/streets/jean-landing-milton,true,false,7,0,0,7.1429
https://miltonly.com/streets/jelinik-terrace-milton,true,false,82,1,0.0122,6.6951
https://miltonly.com/streets/john-street-milton,true,false,0,0,,
https://miltonly.com/streets/johnson-heights-milton,true,false,0,0,,
https://miltonly.com/streets/joyce-boulevard-milton,true,false,0,0,,
https://miltonly.com/streets/kearns-drive-milton,true,false,0,0,,
https://miltonly.com/streets/kelly-gate-milton,true,false,0,0,,
https://miltonly.com/streets/kelso-road-milton,true,false,0,0,,
https://miltonly.com/streets/kendall-drive-milton,true,false,0,0,,
https://miltonly.com/streets/kennedy-circle-milton,true,false,0,0,,
https://miltonly.com/streets/kerr-trail-milton,true,false,0,0,,
https://miltonly.com/streets/king-street-milton,true,false,0,0,,
https://miltonly.com/streets/kingsleigh-court-milton,true,false,0,0,,
https://miltonly.com/streets/kingsway-place-milton,true,false,25,2,0.08,5.48
https://miltonly.com/streets/kitchen-court-milton,true,false,0,0,,
https://miltonly.com/streets/knight-trail-milton,true,false,0,0,,
https://miltonly.com/streets/kovachik-boulevard-milton,true,false,114,0,0,5.8596
https://miltonly.com/streets/labine-point-milton,true,false,0,0,,
https://miltonly.com/streets/laidlaw-drive-milton,true,false,15,0,0,9.4667
https://miltonly.com/streets/laking-terrace-milton,true,false,0,0,,
https://miltonly.com/streets/lamont-crescent-milton,true,false,0,0,,
https://miltonly.com/streets/lancaster-boulevard-milton,true,false,9,0,0,8.3333
https://miltonly.com/streets/landsborough-avenue-milton,true,false,17,0,0,7.4118
https://miltonly.com/streets/langholm-street-milton,true,false,0,0,,
https://miltonly.com/streets/laughren-crescent-milton,true,false,0,0,,
https://miltonly.com/streets/laundon-terrace-milton,true,false,0,0,,
https://miltonly.com/streets/laurier-avenue-milton,true,false,0,0,,
https://miltonly.com/streets/lavery-heights-milton,true,false,0,0,,
https://miltonly.com/streets/lear-gate-milton,true,false,0,0,,
https://miltonly.com/streets/leatherleaf-landing-milton,true,false,5,0,0,2.8
https://miltonly.com/streets/leger-way-milton,true,false,0,0,,
https://miltonly.com/streets/leitch-landing-milton,true,false,0,0,,
https://miltonly.com/streets/leiterman-drive-milton,true,false,25,1,0.04,6.64
https://miltonly.com/streets/lemieux-court-milton,true,false,37,0,0,6.6216
https://miltonly.com/streets/lerchie-way-milton,false,n/a,4,0,0,20.25
https://miltonly.com/streets/leriche-way-milton,true,false,0,0,,
https://miltonly.com/streets/lily-crescent-milton,true,false,0,0,,
https://miltonly.com/streets/limestone-road-milton,true,false,21,0,0,8.5714
https://miltonly.com/streets/lingen-crescent-milton,true,false,1,0,0,5
https://miltonly.com/streets/little-crescent-milton,true,false,3,0,0,4
https://miltonly.com/streets/livingston-road-milton,true,false,0,0,,
https://miltonly.com/streets/livock-trail-milton,true,false,0,0,,
https://miltonly.com/streets/lloyd-landing-milton,true,true,0,0,,
https://miltonly.com/streets/lobelia-crescent-milton,true,false,0,0,,
https://miltonly.com/streets/locker-place-milton,true,false,6,0,0,7
https://miltonly.com/streets/logan-drive-milton,true,false,0,0,,
https://miltonly.com/streets/lorne-scots-drive-milton,true,false,0,0,,
https://miltonly.com/streets/lott-crescent-milton,true,false,0,0,,
https://miltonly.com/streets/lowe-lane-milton,true,false,0,0,,
https://miltonly.com/streets/lower-base-line-milton,true,false,0,0,,
https://miltonly.com/streets/luxton-drive-milton,true,false,0,0,,
https://miltonly.com/streets/lydia-avenue-milton,true,false,0,0,,
https://miltonly.com/streets/lyons-court-milton,true,false,0,0,,
https://miltonly.com/streets/mackenzie-drive-milton,true,false,0,0,,
https://miltonly.com/streets/maddocks-trail-milton,true,false,0,0,,
https://miltonly.com/streets/mae-court-milton,true,false,11,1,0.0909,6.9091
https://miltonly.com/streets/magnolia-terrace-milton,true,false,76,1,0.0132,7.3553
https://miltonly.com/streets/magurn-gate-milton,true,false,8,1,0.125,15
https://miltonly.com/streets/main-street-milton,true,false,9,0,0,11.6667
https://miltonly.com/streets/malboeuf-court-milton,true,false,0,0,,
https://miltonly.com/streets/malick-street-milton,true,false,0,0,,
https://miltonly.com/streets/mander-place-milton,true,false,0,0,,
https://miltonly.com/streets/manitou-way-milton,true,false,0,0,,
https://miltonly.com/streets/manley-lane-milton,true,false,0,0,,
https://miltonly.com/streets/maple-avenue-milton,true,false,0,0,,
https://miltonly.com/streets/maplewood-crescent-milton,true,false,0,0,,
https://miltonly.com/streets/maquire-terrace-milton,true,false,39,0,0,5.2051
https://miltonly.com/streets/mara-circle-milton,true,false,0,0,,
https://miltonly.com/streets/marcellus-avenue-milton,true,false,0,0,,
https://miltonly.com/streets/marigold-court-milton,true,false,62,0,0,6.5484
https://miltonly.com/streets/marks-street-milton,true,false,0,0,,
https://miltonly.com/streets/marley-crescent-milton,true,false,0,0,,
https://miltonly.com/streets/marshall-crescent-milton,true,false,45,0,0,12.7778
https://miltonly.com/streets/martin-street-milton,true,false,45,0,0,10.3556
https://miltonly.com/streets/mccandless-court-milton,true,false,0,0,,
https://miltonly.com/streets/mccartney-crescent-milton,true,false,0,0,,
https://miltonly.com/streets/mcclenahan-crescent-milton,true,false,0,0,,
https://miltonly.com/streets/mccready-drive-milton,true,false,0,0,,
https://miltonly.com/streets/mccuaig-drive-milton,true,false,9,0,0,8.2222
https://miltonly.com/streets/mcdermott-way-milton,true,false,0,0,,
https://miltonly.com/streets/mcdougall-crossing-milton,true,true,0,0,,
https://miltonly.com/streets/mcdowell-crescent-milton,false,n/a,8,0,0,8
https://miltonly.com/streets/mcduffe-crescent-milton,true,false,28,0,0,6.1786
https://miltonly.com/streets/mceachern-court-milton,true,false,2,0,0,5
https://miltonly.com/streets/mceastern-path-milton,true,false,0,0,,
https://miltonly.com/streets/mcewan-drive-milton,true,true,0,0,,
https://miltonly.com/streets/mcfarland-court-milton,true,false,0,0,,
https://miltonly.com/streets/mcferran-crescent-milton,true,false,0,0,,
https://miltonly.com/streets/mcgibbon-drive-milton,true,false,0,0,,
https://miltonly.com/streets/mcginnis-crescent-milton,true,false,0,0,,
https://miltonly.com/streets/mcguffin-gate-milton,true,false,0,0,,
https://miltonly.com/streets/mcjannett-avenue-milton,true,false,20,0,0,6.9
https://miltonly.com/streets/mckim-gate-milton,true,false,0,0,,
https://miltonly.com/streets/mclaren-road-milton,true,false,0,0,,
https://miltonly.com/streets/mclaughlin-avenue-milton,true,false,0,0,,
https://miltonly.com/streets/mcmullen-crescent-milton,true,false,0,0,,
https://miltonly.com/streets/mcnabb-crescent-milton,true,false,0,0,,
https://miltonly.com/streets/mcnair-circle-milton,true,false,28,0,0,13
https://miltonly.com/streets/mcneil-drive-milton,true,false,0,0,,
https://miltonly.com/streets/mcniven-road-milton,false,n/a,30,0,0,6.1333
https://miltonly.com/streets/mcphail-way-milton,true,false,0,0,,
https://miltonly.com/streets/mcphedran-point-milton,true,false,3,0,0,7.3333
https://miltonly.com/streets/mctrach-crescent-milton,false,n/a,8,0,0,7.75
https://miltonly.com/streets/meadowbrook-drive-milton,true,false,0,0,,
https://miltonly.com/streets/meadowland-crescent-milton,true,false,0,0,,
https://miltonly.com/streets/megson-terrace-milton,true,false,22,0,0,6.1818
https://miltonly.com/streets/meighen-way-milton,true,false,0,0,,
https://miltonly.com/streets/melanson-heights-milton,true,false,0,0,,
https://miltonly.com/streets/melville-bonus-crescent-milton,true,true,0,0,,
https://miltonly.com/streets/mendelson-heights-milton,true,false,0,0,,
https://miltonly.com/streets/menefy-place-milton,true,false,0,0,,
https://miltonly.com/streets/menzies-court-milton,true,true,0,0,,
https://miltonly.com/streets/merritt-drive-milton,true,false,0,0,,
https://miltonly.com/streets/michener-place-milton,true,false,0,0,,
https://miltonly.com/streets/mickey-court-milton,true,false,0,0,,
https://miltonly.com/streets/middleton-crescent-milton,true,false,0,0,,
https://miltonly.com/streets/milburough-line-milton,false,n/a,20,2,0.1,5.9
https://miltonly.com/streets/miles-street-milton,true,false,5,0,0,5.4
https://miltonly.com/streets/mill-street-milton,true,false,0,0,,
https://miltonly.com/streets/miller-way-milton,true,false,2,0,0,10
https://miltonly.com/streets/millside-drive-milton,true,false,0,0,,
https://miltonly.com/streets/milton-heights-crescent-milton,true,false,0,0,,
https://miltonly.com/streets/miltonbrook-crescent-milton,true,false,11,0,0,4.8182
https://miltonly.com/streets/minchin-way-milton,true,false,9,0,0,3.7778
https://miltonly.com/streets/minto-crescent-milton,true,false,26,0,0,10.5385
https://miltonly.com/streets/mockridge-terrace-milton,true,false,34,0,0,5.0294
https://miltonly.com/streets/moira-crescent-milton,true,false,0,0,,
https://miltonly.com/streets/monaghan-crescent-milton,true,false,0,0,,
https://miltonly.com/streets/moonseed-place-milton,true,false,0,0,,
https://miltonly.com/streets/moorelands-crescent-milton,true,false,35,0,0,6.2571
https://miltonly.com/streets/moreau-lane-milton,true,false,0,0,,
https://miltonly.com/streets/morley-avenue-milton,true,false,0,0,,
https://miltonly.com/streets/morse-place-milton,true,false,0,0,,
https://miltonly.com/streets/mortimer-crescent-milton,true,false,0,0,,
https://miltonly.com/streets/mountainview-drive-milton,true,false,0,0,,
https://miltonly.com/streets/mowat-lane-milton,true,false,0,0,,
https://miltonly.com/streets/mulroney-heights-milton,true,false,0,0,,
https://miltonly.com/streets/murlock-heights-milton,true,false,1,0,0,2
https://miltonly.com/streets/murray-meadows-place-milton,true,false,14,1,0.0714,5
https://miltonly.com/streets/muskoka-heights-milton,true,false,24,0,0,6.375
https://miltonly.com/streets/nadalin-heights-milton,true,false,0,0,,
https://miltonly.com/streets/nairn-circle-milton,true,false,117,1,0.0085,7.8462
https://miltonly.com/streets/nakerville-crescent-milton,true,false,17,0,0,6.7647
https://miltonly.com/streets/nassagaweya-esquesing-townline-milton,true,true,19,1,0.0526,8.0526
https://miltonly.com/streets/nassagaweya-puslinch-townline-milton,true,true,8,0,0,9.125
https://miltonly.com/streets/nelson-court-milton,true,false,0,0,,
https://miltonly.com/streets/newell-street-milton,true,false,0,0,,
https://miltonly.com/streets/nipissing-road-milton,true,false,18,0,0,11.7222
https://miltonly.com/streets/no-1-side-road-milton,true,false,7,0,0,15.4286
https://miltonly.com/streets/norrington-place-milton,true,false,0,0,,
https://miltonly.com/streets/norris-circle-milton,true,false,0,0,,
https://miltonly.com/streets/nunn-court-milton,true,false,0,0,,
https://miltonly.com/streets/oak-street-milton,true,false,0,0,,
https://miltonly.com/streets/old-tremaine-road-milton,true,false,14,0,0,10.5
https://miltonly.com/streets/ollerenshaw-point-milton,true,false,2,0,0,4
https://miltonly.com/streets/onley-lane-milton,true,false,0,0,,
https://miltonly.com/streets/ontario-street-milton,true,false,0,0,,
https://miltonly.com/streets/oriole-court-milton,true,false,15,1,0.0667,9.5333
https://miltonly.com/streets/orr-terrace-milton,true,false,0,0,,
https://miltonly.com/streets/panton-trail-milton,true,false,0,0,,
https://miltonly.com/streets/parent-place-milton,true,false,69,1,0.0145,5.8116
https://miltonly.com/streets/parkway-drive-milton,true,false,1,0,0,9
https://miltonly.com/streets/patterson-drive-milton,true,false,5,1,0.2,10.6
https://miltonly.com/streets/paupst-place-milton,true,false,3,0,0,6.6667
https://miltonly.com/streets/peacock-lane-milton,true,false,0,0,,
https://miltonly.com/streets/pearen-avenue-milton,true,false,0,0,,
https://miltonly.com/streets/pearl-street-milton,true,false,0,0,,
https://miltonly.com/streets/pears-court-milton,true,false,0,0,,
https://miltonly.com/streets/penson-crescent-milton,true,false,0,0,,
https://miltonly.com/streets/peregrine-way-milton,true,false,0,0,,
https://miltonly.com/streets/periwinkle-place-milton,true,false,10,1,0.1,6.3
https://miltonly.com/streets/pettigrew-trail-milton,true,false,8,0,0,5.125
https://miltonly.com/streets/pettit-trail-milton,true,false,0,0,,
https://miltonly.com/streets/pharo-point-milton,true,false,2,0,0,3.5
https://miltonly.com/streets/philbrook-drive-milton,true,false,10,0,0,6.5
https://miltonly.com/streets/pickersgill-crescent-milton,true,false,0,0,,
https://miltonly.com/streets/pine-street-milton,true,false,0,0,,
https://miltonly.com/streets/pine-view-trail-milton,true,true,0,0,,
https://miltonly.com/streets/pineridge-drive-milton,true,false,0,0,,
https://miltonly.com/streets/pitcher-place-milton,true,false,0,0,,
https://miltonly.com/streets/pitfield-road-milton,true,false,9,0,0,7.1111
https://miltonly.com/streets/playfair-terrace-milton,true,false,0,0,,
https://miltonly.com/streets/plum-place-milton,true,false,0,0,,
https://miltonly.com/streets/pollock-gate-milton,true,false,0,0,,
https://miltonly.com/streets/poplar-road-milton,true,false,0,0,,
https://miltonly.com/streets/portch-gate-milton,true,false,0,0,,
https://miltonly.com/streets/porter-way-milton,true,false,6,0,0,8.3333
https://miltonly.com/streets/potts-terrace-milton,true,false,10,1,0.1,3.8
https://miltonly.com/streets/powadiuk-place-milton,true,false,0,0,,
https://miltonly.com/streets/powys-street-milton,true,false,0,0,,
https://miltonly.com/streets/pozbou-crescent-milton,true,false,13,0,0,6.5385
https://miltonly.com/streets/pratt-heights-milton,true,false,2,0,0,4
https://miltonly.com/streets/primrose-crescent-milton,true,false,0,0,,
https://miltonly.com/streets/pringle-avenue-milton,true,false,34,0,0,7.8529
https://miltonly.com/streets/prosser-circle-milton,true,false,58,0,0,10.6724
https://miltonly.com/streets/proud-drive-milton,true,false,0,0,,
https://miltonly.com/streets/queen-street-milton,true,false,0,0,,
https://miltonly.com/streets/quinlan-court-milton,true,false,18,0,0,6.5556
https://miltonly.com/streets/racey-trail-milton,true,false,0,0,,
https://miltonly.com/streets/raftis-crescent-milton,true,false,0,0,,
https://miltonly.com/streets/ramsey-place-milton,true,true,0,0,,
https://miltonly.com/streets/ramshaw-crescent-milton,true,false,0,0,,
https://miltonly.com/streets/randall-crescent-milton,true,false,0,0,,
https://miltonly.com/streets/random-acres-road-milton,true,true,3,0,0,5.3333
https://miltonly.com/streets/raspberry-terrace-milton,true,false,88,0,0,6.5795
https://miltonly.com/streets/redbud-garden-milton,true,false,0,0,,
https://miltonly.com/streets/reece-court-milton,true,false,0,0,,
https://miltonly.com/streets/regional-road-25-n-a-milton,false,n/a,1,0,0,36
https://miltonly.com/streets/regional-road-milton,false,n/a,2,0,0,10.5
https://miltonly.com/streets/reichert-court-milton,true,false,0,0,,
https://miltonly.com/streets/reid-side-road-milton,true,false,2,0,0,7.5
https://miltonly.com/streets/reis-place-milton,true,false,0,0,,
https://miltonly.com/streets/restivo-lane-milton,true,false,64,5,0.0781,5.6875
https://miltonly.com/streets/richardson-way-milton,true,true,32,1,0.0313,3.9688
https://miltonly.com/streets/riddell-crescent-milton,true,false,0,0,,
https://miltonly.com/streets/ridge-drive-milton,true,false,8,2,0.25,5.25
https://miltonly.com/streets/rigo-crossing-milton,true,true,0,0,,
https://miltonly.com/streets/riverplace-crescent-milton,true,false,0,0,,
https://miltonly.com/streets/robarts-drive-milton,true,false,0,0,,
https://miltonly.com/streets/robert-street-milton,false,n/a,25,0,0,14.2
https://miltonly.com/streets/robertson-crescent-milton,true,false,26,2,0.0769,6.5
https://miltonly.com/streets/robinwood-crescent-milton,true,false,0,0,,
https://miltonly.com/streets/robson-crescent-milton,true,false,0,0,,
https://miltonly.com/streets/rolph-terrace-milton,true,false,24,0,0,5.6667
https://miltonly.com/streets/roper-drive-milton,true,false,0,0,,
https://miltonly.com/streets/rose-way-milton,true,false,30,0,0,10.6
https://miltonly.com/streets/roseheath-drive-milton,true,false,0,0,,
https://miltonly.com/streets/rottenburg-court-milton,true,false,35,1,0.0286,6.0571
https://miltonly.com/streets/rowe-terrace-milton,true,false,0,0,,
https://miltonly.com/streets/ruddy-crescent-milton,true,false,0,0,,
https://miltonly.com/streets/ruhl-drive-milton,true,false,35,0,0,9.4
https://miltonly.com/streets/rutland-crescent-milton,true,false,0,0,,
https://miltonly.com/streets/rutledge-way-milton,true,false,0,0,,
https://miltonly.com/streets/sales-court-milton,true,false,0,0,,
https://miltonly.com/streets/sanderson-crescent-milton,true,false,0,0,,
https://miltonly.com/streets/santa-maria-boulevard-milton,true,true,0,0,,
https://miltonly.com/streets/satok-crescent-milton,true,false,23,0,0,5.7826
https://miltonly.com/streets/sauble-court-milton,true,false,0,0,,
https://miltonly.com/streets/sauve-street-milton,true,false,13,0,0,6.8462
https://miltonly.com/streets/savoline-boulevard-milton,true,false,0,0,,
https://miltonly.com/streets/schreyer-crescent-milton,true,false,26,0,0,8.0385
https://miltonly.com/streets/scott-boulevard-milton,true,false,0,0,,
https://miltonly.com/streets/second-line-milton,true,true,0,0,,
https://miltonly.com/streets/second-line-nassagaweya-milton,true,false,11,0,0,32.8182
https://miltonly.com/streets/secord-court-milton,true,false,0,0,,
https://miltonly.com/streets/seivert-place-milton,true,false,1,0,0,11
https://miltonly.com/streets/sellers-path-milton,true,false,0,0,,
https://miltonly.com/streets/septimus-heights-milton,true,false,0,0,,
https://miltonly.com/streets/serafini-crescent-milton,true,false,0,0,,
https://miltonly.com/streets/severn-drive-milton,true,false,34,1,0.0294,19.7059
https://miltonly.com/streets/shade-lane-milton,true,false,7,0,0,9
https://miltonly.com/streets/shanks-heights-milton,true,false,0,0,,
https://miltonly.com/streets/sheaffe-place-milton,true,false,4,0,0,6.75
https://miltonly.com/streets/shepherd-place-milton,true,false,0,0,,
https://miltonly.com/streets/sherwood-road-milton,true,false,17,0,0,6.3529
https://miltonly.com/streets/shortreed-crescent-milton,true,false,8,0,0,3.5
https://miltonly.com/streets/side-road-milton,false,n/a,6,0,0,32.8333
https://miltonly.com/streets/sideroad-10-milton,true,false,23,1,0.0435,15.9565
https://miltonly.com/streets/silver-court-milton,true,false,0,0,,
https://miltonly.com/streets/sim-place-milton,true,false,0,0,,
https://miltonly.com/streets/sinclair-boulevard-milton,true,false,0,0,,
https://miltonly.com/streets/sixth-line-milton,true,true,0,0,,
https://miltonly.com/streets/sixth-line-nassagaweya-line-milton,false,n/a,29,0,0,12.2759
https://miltonly.com/streets/sixth-line-nassagaweya-milton,true,true,81,0,0,6.9136
https://miltonly.com/streets/slingsby-landing-milton,true,false,0,0,,
https://miltonly.com/streets/sloan-drive-milton,true,false,0,0,,
https://miltonly.com/streets/snider-terrace-milton,true,false,0,0,,
https://miltonly.com/streets/snoek-point-milton,true,false,0,0,,
https://miltonly.com/streets/solomon-court-milton,true,false,0,0,,
https://miltonly.com/streets/somerville-terrace-milton,true,false,0,0,,
https://miltonly.com/streets/sorensen-court-milton,true,true,0,0,,
https://miltonly.com/streets/speck-crossing-milton,true,false,0,0,,
https://miltonly.com/streets/speyer-circle-milton,true,false,11,0,0,7
https://miltonly.com/streets/sprague-place-milton,true,false,0,0,,
https://miltonly.com/streets/sprucedale-lane-milton,true,false,0,0,,
https://miltonly.com/streets/stacey-crescent-milton,true,false,0,0,,
https://miltonly.com/streets/stagg-garden-milton,true,false,0,0,,
https://miltonly.com/streets/starflower-place-milton,true,false,0,0,,
https://miltonly.com/streets/stark-circle-milton,true,false,0,0,,
https://miltonly.com/streets/stearn-place-milton,true,false,3,0,0,5.6667
https://miltonly.com/streets/steeles-avenue-milton,false,n/a,79,0,0,13.3291
https://miltonly.com/streets/stemman-place-milton,true,false,0,0,,
https://miltonly.com/streets/stevenson-street-milton,true,false,0,0,,
https://miltonly.com/streets/stewart-crescent-milton,true,false,0,0,,
https://miltonly.com/streets/stirling-todd-terrace-milton,true,false,59,2,0.0339,4.8305
https://miltonly.com/streets/stokes-trail-milton,true,false,50,1,0.02,6.8
https://miltonly.com/streets/storey-drive-milton,true,false,0,0,,
https://miltonly.com/streets/stoutt-crescent-milton,true,false,0,0,,
https://miltonly.com/streets/stover-crescent-milton,true,false,0,0,,
https://miltonly.com/streets/strathcona-court-milton,true,false,0,0,,
https://miltonly.com/streets/strawberry-landing-milton,true,false,1,0,0,8
https://miltonly.com/streets/stringer-circle-milton,true,false,0,0,,
https://miltonly.com/streets/sugden-terrace-milton,true,false,0,0,,
https://miltonly.com/streets/suitor-court-milton,true,false,31,0,0,5.9032
https://miltonly.com/streets/sumac-crescent-milton,true,false,14,0,0,10.1429
https://miltonly.com/streets/sunnyvale-crescent-milton,true,false,0,0,,
https://miltonly.com/streets/swann-crescent-milton,true,false,5,0,0,6.8
https://miltonly.com/streets/sweetfern-crescent-milton,true,false,0,0,,
https://miltonly.com/streets/swindale-drive-milton,true,false,0,0,,
https://miltonly.com/streets/switzer-crescent-milton,true,false,28,0,0,7.2143
https://miltonly.com/streets/sycamore-garden-milton,true,false,0,0,,
https://miltonly.com/streets/sydney-street-milton,true,false,0,0,,
https://miltonly.com/streets/syer-drive-milton,true,false,47,2,0.0426,8.5532
https://miltonly.com/streets/symons-crossing-milton,true,false,5,0,0,5.6
https://miltonly.com/streets/syndenham-lane-milton,true,false,31,1,0.0323,6.1613
https://miltonly.com/streets/tamarack-point-milton,true,false,0,0,,
https://miltonly.com/streets/tasker-court-milton,true,false,14,0,0,6.9286
https://miltonly.com/streets/taylor-court-milton,true,false,0,0,,
https://miltonly.com/streets/tea-landing-milton,true,false,0,0,,
https://miltonly.com/streets/teetzel-drive-milton,true,false,0,0,,
https://miltonly.com/streets/temperance-crescent-milton,true,false,0,0,,
https://miltonly.com/streets/thames-circle-milton,true,false,0,0,,
https://miltonly.com/streets/thimbleweed-court-milton,true,false,0,0,,
https://miltonly.com/streets/thomas-street-milton,true,false,0,0,,
https://miltonly.com/streets/thompson-road-milton,true,false,0,0,,
https://miltonly.com/streets/thornborrow-court-milton,true,false,2,0,0,8.5
https://miltonly.com/streets/tight-court-milton,true,false,22,0,0,10.1364
https://miltonly.com/streets/tilt-point-milton,true,false,0,0,,
https://miltonly.com/streets/timmer-place-milton,true,false,0,0,,
https://miltonly.com/streets/tock-close-milton,true,false,0,0,,
https://miltonly.com/streets/toletzka-landing-milton,true,false,0,0,,
https://miltonly.com/streets/tonelli-lane-milton,true,false,0,0,,
https://miltonly.com/streets/tough-gate-milton,true,false,0,0,,
https://miltonly.com/streets/trafalgar-court-milton,true,false,1,0,0,47
https://miltonly.com/streets/trafalgar-road-milton,true,false,7,0,0,22.4286
https://miltonly.com/streets/transom-crescent-milton,true,false,0,0,,
https://miltonly.com/streets/treend-place-milton,true,false,0,0,,
https://miltonly.com/streets/tremaine-road-milton,true,true,0,0,,
https://miltonly.com/streets/trudeau-drive-milton,true,false,0,0,,
https://miltonly.com/streets/trudeau-upstairs-drive-milton,false,n/a,20,0,0,14.9
https://miltonly.com/streets/tupper-drive-milton,true,false,0,0,,
https://miltonly.com/streets/twinflower-place-milton,true,false,7,1,0.1429,3.1429
https://miltonly.com/streets/twiss-road-milton,true,false,0,0,,
https://miltonly.com/streets/tyrone-crescent-milton,true,false,9,1,0.1111,7.5556
https://miltonly.com/streets/urell-way-milton,true,false,0,0,,
https://miltonly.com/streets/valleyview-crescent-milton,true,false,0,0,,
https://miltonly.com/streets/van-allen-gate-milton,true,false,0,0,,
https://miltonly.com/streets/van-fleet-terrace-milton,true,false,21,1,0.0476,6.9048
https://miltonly.com/streets/vanier-drive-milton,true,false,10,0,0,33.2
https://miltonly.com/streets/vaughan-court-milton,true,false,0,0,,
https://miltonly.com/streets/vickerman-way-milton,true,false,20,1,0.05,6
https://miltonly.com/streets/victoria-street-milton,true,false,0,0,,
https://miltonly.com/streets/violet-gate-milton,true,false,0,0,,
https://miltonly.com/streets/wakefield-road-milton,true,false,10,0,0,15.5
https://miltonly.com/streets/waldie-avenue-milton,true,false,0,0,,
https://miltonly.com/streets/wallbrook-crescent-milton,true,false,0,0,,
https://miltonly.com/streets/walnut-landing-milton,true,false,0,0,,
https://miltonly.com/streets/ware-crescent-milton,true,false,0,0,,
https://miltonly.com/streets/watercress-way-milton,true,false,0,0,,
https://miltonly.com/streets/waters-boulevard-milton,true,false,0,0,,
https://miltonly.com/streets/watson-terrace-milton,true,false,0,0,,
https://miltonly.com/streets/weller-crossing-milton,true,true,0,0,,
https://miltonly.com/streets/wellwood-terrace-milton,true,false,0,0,,
https://miltonly.com/streets/weston-drive-milton,true,false,6,0,0,12.3333
https://miltonly.com/streets/wetenhall-landing-milton,true,true,0,0,,
https://miltonly.com/streets/wettlaufer-terrace-milton,true,false,57,1,0.0175,7.6667
https://miltonly.com/streets/whaley-way-milton,true,false,0,0,,
https://miltonly.com/streets/wheelihan-way-milton,true,false,0,0,,
https://miltonly.com/streets/whetham-heights-milton,true,false,0,0,,
https://miltonly.com/streets/white-drive-milton,true,false,0,0,,
https://miltonly.com/streets/whitlock-avenue-milton,true,false,0,0,,
https://miltonly.com/streets/whitmer-street-milton,true,false,0,0,,
https://miltonly.com/streets/whitney-terrace-milton,true,false,0,0,,
https://miltonly.com/streets/wickson-way-milton,true,false,0,0,,
https://miltonly.com/streets/wilks-landing-milton,true,false,0,0,,
https://miltonly.com/streets/willet-terrace-milton,true,false,0,0,,
https://miltonly.com/streets/williams-avenue-milton,true,false,18,0,0,18
https://miltonly.com/streets/willingdon-crescent-milton,true,false,0,0,,
https://miltonly.com/streets/willmott-crescent-milton,true,false,0,0,,
https://miltonly.com/streets/willow-avenue-milton,true,false,0,0,,
https://miltonly.com/streets/willow-basement-avenue-milton,false,n/a,32,0,0,15.1875
https://miltonly.com/streets/wilson-drive-milton,true,false,9,0,0,4.6667
https://miltonly.com/streets/winn-trail-milton,true,false,0,0,,
https://miltonly.com/streets/winter-crescent-milton,true,false,32,0,0,7.625
https://miltonly.com/streets/wintergreen-place-milton,true,false,0,0,,
https://miltonly.com/streets/wise-crossing-milton,true,true,0,0,,
https://miltonly.com/streets/wood-close-milton,false,n/a,5,0,0,9
https://miltonly.com/streets/woodlawn-crescent-milton,true,false,0,0,,
https://miltonly.com/streets/woodley-crescent-milton,true,false,0,0,,
https://miltonly.com/streets/woodward-avenue-milton,true,false,0,0,,
https://miltonly.com/streets/wrigglesworth-crescent-milton,true,false,0,0,,
https://miltonly.com/streets/yates-drive-milton,true,false,0,0,,
https://miltonly.com/streets/zelinsky-crescent-milton,true,false,0,0,,
https://miltonly.com/streets/zilio-terrace-milton,true,true,177,11,0.0621,5.4689
https://miltonly.com/streets/zimmerman-crescent-milton,true,false,0,0,,
https://miltonly.com/streets/zuest-crescent-milton,true,false,10,0,0,13.3
https://www.miltonly.com/streets/10-side-road-milton,false,n/a,10,0,0,6.3
https://www.miltonly.com/streets/20-side-rd-road-milton,false,n/a,12,0,0,5.4167
https://www.miltonly.com/streets/20-side-road-milton,false,n/a,5,0,0,6
https://www.miltonly.com/streets/20th-side-road-milton,false,n/a,3,0,0,5.6667
https://www.miltonly.com/streets/30-side-road-milton,false,n/a,8,0,0,7.5
https://www.miltonly.com/streets/4th-line-nassagaweya-line-milton,false,n/a,2,0,0,9.5
https://www.miltonly.com/streets/5-road-milton,false,n/a,4,0,0,8
https://www.miltonly.com/streets/6th-nassagaweya-line-milton,false,n/a,4,0,0,6.5
https://www.miltonly.com/streets/agnew-crescent-milton,false,n/a,1,0,0,8
https://www.miltonly.com/streets/aird-court-milton,false,n/a,1,0,0,2
https://www.miltonly.com/streets/alder-gate-milton,false,n/a,1,0,0,10
https://www.miltonly.com/streets/alexander-crescent-milton,false,n/a,1,0,0,2
https://www.miltonly.com/streets/allan-crescent-milton,false,n/a,3,0,0,2.6667
https://www.miltonly.com/streets/allport-gate-milton,false,n/a,5,0,0,3.2
https://www.miltonly.com/streets/anderson-avenue-milton,false,n/a,1,0,0,9
https://www.miltonly.com/streets/apple-terrace-milton,false,n/a,3,0,0,4.6667
https://www.miltonly.com/streets/armstrong-boulevard-milton,false,n/a,7,0,0,3.2857
https://www.miltonly.com/streets/ash-gate-milton,false,n/a,1,0,0,8
https://www.miltonly.com/streets/ashbrook-court-milton,false,n/a,4,0,0,7.25
https://www.miltonly.com/streets/balsam-court-milton,false,n/a,2,0,0,10
https://www.miltonly.com/streets/banks-crescent-milton,false,n/a,1,0,0,5
https://www.miltonly.com/streets/basswood-crescent-milton,false,n/a,2,0,0,1.5
https://www.miltonly.com/streets/bearberry-place-milton,false,n/a,4,0,0,3.25
https://www.miltonly.com/streets/beard-drive-milton,false,n/a,1,0,0,2
https://www.miltonly.com/streets/beasley-place-milton,false,n/a,1,0,0,5
https://www.miltonly.com/streets/beasley-terrace-milton,false,n/a,1,0,0,8
https://www.miltonly.com/streets/beaty-trail-milton,false,n/a,4,0,0,4
https://www.miltonly.com/streets/beaver-court-milton,false,n/a,1,0,0,6
https://www.miltonly.com/streets/bell-school-line-milton,false,n/a,2,0,0,8.5
https://www.miltonly.com/streets/bessy-trail-bsmt-trail-milton,false,n/a,2,0,0,6
https://www.miltonly.com/streets/best-road-milton,false,n/a,1,0,0,6
https://www.miltonly.com/streets/bond-head-court-milton,false,n/a,1,0,0,9
https://www.miltonly.com/streets/bonin-crescent-milton,false,n/a,1,0,0,3
https://www.miltonly.com/streets/bowell-crescent-milton,false,n/a,1,0,0,3
https://www.miltonly.com/streets/bronson-terrace-milton,false,n/a,7,0,0,6.7143
https://www.miltonly.com/streets/buckthorn-milton,false,n/a,1,0,0,7
https://www.miltonly.com/streets/bundy-drive-milton,false,n/a,4,0,0,4.25
https://www.miltonly.com/streets/cabot-trail-milton,false,n/a,1,0,0,2
https://www.miltonly.com/streets/campbellville-road-milton,false,n/a,2,0,0,7
https://www.miltonly.com/streets/carr-landing-milton,false,n/a,1,0,0,1
https://www.miltonly.com/streets/cavanagh-lane-milton,false,n/a,3,0,0,9.6667
https://www.miltonly.com/streets/cedar-trail-milton,false,n/a,3,0,0,6.3333
https://www.miltonly.com/streets/cedric-terrace-milton,false,n/a,2,0,0,8
https://www.miltonly.com/streets/chambers-place-milton,false,n/a,1,0,0,6
https://www.miltonly.com/streets/chamomile-crescent-milton,false,n/a,2,0,0,4.5
https://www.miltonly.com/streets/chapman-crescent-milton,false,n/a,2,0,0,5.5
https://www.miltonly.com/streets/childs-drive-milton,false,n/a,3,0,0,4.3333
https://www.miltonly.com/streets/chilver-heights-milton,false,n/a,3,0,0,6.6667
https://www.miltonly.com/streets/chretien-street-milton,false,n/a,1,0,0,5
https://www.miltonly.com/streets/christie-circle-milton,false,n/a,1,0,0,4
https://www.miltonly.com/streets/clover-park-crescent-milton,false,n/a,5,0,0,7.2
https://www.miltonly.com/streets/coates-drive-milton,false,n/a,1,0,0,5
https://www.miltonly.com/streets/colville-place-milton,false,n/a,1,0,0,3
https://www.miltonly.com/streets/connors-landing-milton,false,n/a,1,0,0,9
https://www.miltonly.com/streets/conway-court-milton,false,n/a,3,0,0,14.6667
https://www.miltonly.com/streets/cooper-avenue-milton,false,n/a,1,0,0,5
https://www.miltonly.com/streets/costigan-road-milton,false,n/a,20,0,0,6.35
https://www.miltonly.com/streets/court-street-milton,false,n/a,2,0,0,4
https://www.miltonly.com/streets/cousens-terrace-milton,false,n/a,10,0,0,7.1
https://www.miltonly.com/streets/coxe-boulevard-milton,false,n/a,5,0,0,5.6
https://www.miltonly.com/streets/cranberry-crescent-milton,false,n/a,1,0,0,3
https://www.miltonly.com/streets/crozier-crescent-milton,false,n/a,2,0,0,3.5
https://www.miltonly.com/streets/dalgleish-gardens-milton,false,n/a,5,0,0,3.2
https://www.miltonly.com/streets/dalhousie-gate-milton,false,n/a,7,0,0,4.5714
https://www.miltonly.com/streets/davis-lane-milton,false,n/a,3,0,0,2.6667
https://www.miltonly.com/streets/derry-rd-road-milton,false,n/a,2,0,0,7
https://www.miltonly.com/streets/diefenbaker-street-milton,false,n/a,1,0,0,8
https://www.miltonly.com/streets/downes-jackson-bsmnt-heights-milton,false,n/a,2,0,0,6.5
https://www.miltonly.com/streets/duignan-crescent-milton,false,n/a,1,0,0,1
https://www.miltonly.com/streets/duignan-street-milton,false,n/a,1,0,0,2
https://www.miltonly.com/streets/duncan-lane-milton,false,n/a,1,0,0,4
https://www.miltonly.com/streets/e-derry-road-milton,false,n/a,6,0,0,5.6667
https://www.miltonly.com/streets/e-whitlock-avenue-milton,false,n/a,5,0,0,6.8
https://www.miltonly.com/streets/earl-crescent-milton,false,n/a,2,0,0,3.5
https://www.miltonly.com/streets/elderberry-cres--milton,false,n/a,4,0,0,2.75
https://www.miltonly.com/streets/elderberry-crescent-milton,false,n/a,2,0,0,2
https://www.miltonly.com/streets/ellenton-crescent-milton,false,n/a,2,0,0,8
https://www.miltonly.com/streets/elliott-crescent-milton,false,n/a,1,0,0,10
https://www.miltonly.com/streets/ellis-crescent-milton,false,n/a,1,0,0,4
https://www.miltonly.com/streets/elsley-court-milton,false,n/a,1,0,0,7
https://www.miltonly.com/streets/emmett-landing-milton,false,n/a,1,0,0,4
https://www.miltonly.com/streets/english-mill-crt-court-milton,false,n/a,2,0,0,6
https://www.miltonly.com/streets/farmstead-bsmt-drive-milton,false,n/a,2,0,0,4
https://www.miltonly.com/streets/farmstead-drive-milton,false,n/a,5,0,0,3.2
https://www.miltonly.com/streets/fifth-line-milton,false,n/a,2,0,0,6
https://www.miltonly.com/streets/first-line-nassagaweya-milton,false,n/a,5,0,0,5.8
https://www.miltonly.com/streets/first-line-nassagaweya-n-a-milton,false,n/a,2,0,0,7.5
https://www.miltonly.com/streets/fitzgerald-crescent-milton,false,n/a,1,0,0,3
https://www.miltonly.com/streets/five-side-road-milton,false,n/a,10,0,0,10.1
https://www.miltonly.com/streets/fourth-line-milton,false,n/a,20,2,0.1,5.75
https://www.miltonly.com/streets/fox-crescent-milton,false,n/a,3,0,0,2.6667
https://www.miltonly.com/streets/freeman-trail-milton,false,n/a,4,0,0,1.5
https://www.miltonly.com/streets/frost-court-milton,false,n/a,1,0,0,3
https://www.miltonly.com/streets/gazley-circle-milton,false,n/a,1,0,0,7
https://www.miltonly.com/streets/giddings-crescent-milton,false,n/a,4,0,0,5.25
https://www.miltonly.com/streets/gillet-point-milton,false,n/a,1,0,0,2
https://www.miltonly.com/streets/glenda-jane-drive-milton,false,n/a,1,0,0,11
https://www.miltonly.com/streets/gollins-drive-milton,false,n/a,2,1,0.5,3
https://www.miltonly.com/streets/gooding-crescent-milton,false,n/a,1,0,0,4
https://www.miltonly.com/streets/gordon-heights-milton,false,n/a,3,0,0,5
https://www.miltonly.com/streets/gordon-krantz-avenue-milton,false,n/a,3,0,0,5.3333
https://www.miltonly.com/streets/gordon-krantz-n-a-milton,false,n/a,2,0,0,20.5
https://www.miltonly.com/streets/gordon-krantz-unit-102-avenue-milton,false,n/a,5,0,0,7.6
https://www.miltonly.com/streets/gore-court-milton,false,n/a,2,0,0,1
https://www.miltonly.com/streets/gorham-way-milton,false,n/a,1,0,0,8
https://www.miltonly.com/streets/gowling-terrace-milton,false,n/a,1,0,0,4
https://www.miltonly.com/streets/graham-bell-court-milton,false,n/a,4,0,0,7.25
https://www.miltonly.com/streets/grenke-place-milton,false,n/a,1,0,0,4
https://www.miltonly.com/streets/guelph-junction-road-milton,false,n/a,1,0,0,4
https://www.miltonly.com/streets/hanson-crescent-milton,false,n/a,3,0,0,4.6667
https://www.miltonly.com/streets/harkin-place-milton,false,n/a,2,0,0,3
https://www.miltonly.com/streets/haws-crescent-milton,false,n/a,6,0,0,3.1667
https://www.miltonly.com/streets/hawthorne-crescent-milton,false,n/a,1,0,0,4
https://www.miltonly.com/streets/haxton-heights-milton,false,n/a,1,0,0,3
https://www.miltonly.com/streets/hayward-crescent-milton,false,n/a,25,0,0,5.6
https://www.miltonly.com/streets/hazard-crescent-milton,false,n/a,1,0,0,1
https://www.miltonly.com/streets/hazel-way-milton,false,n/a,2,1,0.5,11
https://www.miltonly.com/streets/hearns-place-milton,false,n/a,1,0,0,2
https://www.miltonly.com/streets/hearst-boulevard-milton,false,n/a,1,0,0,1
https://www.miltonly.com/streets/heaven-crescent-milton,false,n/a,2,0,0,5.5
https://www.miltonly.com/streets/henderson-road-milton,false,n/a,9,0,0,5.5556
https://www.miltonly.com/streets/heslop-road-milton,false,n/a,10,0,0,7.1
https://www.miltonly.com/streets/hickory-crescent-milton,false,n/a,3,0,0,3.6667
https://www.miltonly.com/streets/hilson-heights-milton,false,n/a,2,0,0,3.5
https://www.miltonly.com/streets/hinton-lower-terrace-milton,false,n/a,3,0,0,4.6667
https://www.miltonly.com/streets/hinton-terrace-milton,false,n/a,1,0,0,4
https://www.miltonly.com/streets/hobbs-crescent-milton,false,n/a,1,0,0,5
https://www.miltonly.com/streets/holloway-terrace-milton,false,n/a,3,0,0,5
https://www.miltonly.com/streets/holly-avenue-milton,false,n/a,1,0,0,8
https://www.miltonly.com/streets/howden-crescent-milton,false,n/a,3,0,0,3
https://www.miltonly.com/streets/huntingford-gate-milton,false,n/a,1,0,0,2
https://www.miltonly.com/streets/inglis-drive-milton,false,n/a,1,0,0,8
https://www.miltonly.com/streets/jasper-street-milton,false,n/a,1,0,0,2
https://www.miltonly.com/streets/jean-landing-street-milton,false,n/a,1,0,0,7
https://www.miltonly.com/streets/john-street-milton,false,n/a,2,0,0,9
https://www.miltonly.com/streets/joyce-boulevard-milton,false,n/a,8,0,0,8.125
https://www.miltonly.com/streets/juneberry-court-milton,false,n/a,4,0,0,4.75
https://www.miltonly.com/streets/kennedy-cir-w-bsment-milton,false,n/a,2,0,0,7
https://www.miltonly.com/streets/kovachik-boulevard-milton,false,n/a,3,0,0,6
https://www.miltonly.com/streets/laidlaw-drive-milton,false,n/a,8,1,0.125,7.625
https://www.miltonly.com/streets/laking-terrace-n-a-milton,false,n/a,1,0,0,10
https://www.miltonly.com/streets/lancaster-boulevard-milton,false,n/a,6,0,0,5.5
https://www.miltonly.com/streets/landsborough-avenue-milton,false,n/a,4,1,0.25,5
https://www.miltonly.com/streets/laughren-crescent-milton,false,n/a,2,0,0,6
https://www.miltonly.com/streets/laurier-avenue-milton,false,n/a,10,1,0.1,5.6
https://www.miltonly.com/streets/leblanc-court-milton,false,n/a,1,0,0,10
https://www.miltonly.com/streets/leitch-landing-milton,false,n/a,2,0,0,5
https://www.miltonly.com/streets/limestone-road-milton,false,n/a,3,0,0,2
https://www.miltonly.com/streets/lloyd-landing-milton,false,n/a,2,0,0,4
https://www.miltonly.com/streets/lloyd-landing-n-a-milton,false,n/a,2,1,0.5,1
https://www.miltonly.com/streets/lloyd-landing-street-milton,false,n/a,1,0,0,10
https://www.miltonly.com/streets/lobelia-crescent-milton,false,n/a,1,0,0,1
https://www.miltonly.com/streets/lower-base-line-milton,false,n/a,2,0,0,5.5
https://www.miltonly.com/streets/lower-base-line-n-a-milton,false,n/a,8,0,0,7.875
https://www.miltonly.com/streets/lydia-avenue-milton,false,n/a,2,0,0,13.5
https://www.miltonly.com/streets/magnolia-terrace-milton,false,n/a,2,0,0,6
https://www.miltonly.com/streets/mander-place-milton,false,n/a,2,0,0,4.5
https://www.miltonly.com/streets/maquire-terrace-milton,false,n/a,4,0,0,5
https://www.miltonly.com/streets/marley-crescent-milton,false,n/a,10,0,0,3
https://www.miltonly.com/streets/marshall-crescent-milton,false,n/a,4,0,0,4
https://www.miltonly.com/streets/mccandless-court-milton,false,n/a,4,0,0,8.75
https://www.miltonly.com/streets/mccready-drive-milton,false,n/a,1,0,0,2
https://www.miltonly.com/streets/mccuaig-drive-milton,false,n/a,1,0,0,5
https://www.miltonly.com/streets/mcdowell-crescent-milton,false,n/a,1,0,0,1
https://www.miltonly.com/streets/mcewan-drive-milton,false,n/a,2,0,0,2
https://www.miltonly.com/streets/mcgibbon-drive-milton,false,n/a,6,1,0.1667,3.6667
https://www.miltonly.com/streets/mcjannett-avenue-milton,false,n/a,1,0,0,5
https://www.miltonly.com/streets/mckay-crescent-milton,false,n/a,17,2,0.1176,4.4706
https://www.miltonly.com/streets/mclaren-road-milton,false,n/a,1,0,0,3
https://www.miltonly.com/streets/mcphail-way-milton,false,n/a,1,0,0,2
https://www.miltonly.com/streets/megson-terrace-milton,false,n/a,17,0,0,8.8824
https://www.miltonly.com/streets/melville-bonus-crescent-milton,false,n/a,1,0,0,1
https://www.miltonly.com/streets/mendelson-heights-milton,false,n/a,1,0,0,1
https://www.miltonly.com/streets/merritt-drive-milton,false,n/a,1,0,0,1
https://www.miltonly.com/streets/milburough-line-milton,false,n/a,1,0,0,6
https://www.miltonly.com/streets/mill-street-milton,false,n/a,5,0,0,4.8
https://www.miltonly.com/streets/milton-heights-crescent-milton,false,n/a,3,0,0,10
https://www.miltonly.com/streets/minchin-way-milton,false,n/a,3,0,0,2
https://www.miltonly.com/streets/moonseed-place-milton,false,n/a,2,0,0,6
https://www.miltonly.com/streets/moorelands-crescent-milton,false,n/a,1,0,0,8
https://www.miltonly.com/streets/mortimer-crescent-milton,false,n/a,8,0,0,7.5
https://www.miltonly.com/streets/munch-place-milton,false,n/a,3,0,0,2.3333
https://www.miltonly.com/streets/murlock-heights-milton,false,n/a,1,0,0,4
https://www.miltonly.com/streets/muskoka-heights-milton,false,n/a,1,0,0,10
https://www.miltonly.com/streets/nadalin-heights-n-a-milton,false,n/a,3,0,0,4
https://www.miltonly.com/streets/nassagaweya-esquesing-townline-milton,false,n/a,1,0,0,7
https://www.miltonly.com/streets/nipissing-rd-milton-road-milton,false,n/a,17,0,0,8.1765
https://www.miltonly.com/streets/norris-circle-milton,false,n/a,1,0,0,3
https://www.miltonly.com/streets/ollerenshaw-point-milton,false,n/a,1,0,0,2
https://www.miltonly.com/streets/panton-trail-milton,false,n/a,5,0,0,5.4
https://www.miltonly.com/streets/patterson-drive-milton,false,n/a,4,0,0,5.5
https://www.miltonly.com/streets/penson-crescent-milton,false,n/a,1,0,0,4
https://www.miltonly.com/streets/peru-road-milton,false,n/a,21,1,0.0476,7.9524
https://www.miltonly.com/streets/pettigrew-trail-milton,false,n/a,1,0,0,5
https://www.miltonly.com/streets/pettit-trail-milton,false,n/a,1,0,0,5
https://www.miltonly.com/streets/pickersgill-crescent-milton,false,n/a,1,0,0,3
https://www.miltonly.com/streets/pine-street-milton,false,n/a,5,0,0,6.2
https://www.miltonly.com/streets/pineridge-drive-milton,false,n/a,1,0,0,2
https://www.miltonly.com/streets/plum-place-milton,false,n/a,4,0,0,3.25
https://www.miltonly.com/streets/potts-terrace-milton,false,n/a,5,0,0,5.4
https://www.miltonly.com/streets/proud-drive-milton,false,n/a,3,0,0,2
https://www.miltonly.com/streets/queen-street-milton,false,n/a,3,0,0,7
https://www.miltonly.com/streets/quinlan-court-milton,false,n/a,2,0,0,4.5
https://www.miltonly.com/streets/randall-crescent-milton,false,n/a,1,0,0,7
https://www.miltonly.com/streets/raspberry-terrace-milton,false,n/a,5,1,0.2,5.4
https://www.miltonly.com/streets/regional-rd-25-road-milton,false,n/a,35,0,0,8.1429
https://www.miltonly.com/streets/reis-place-milton,false,n/a,3,0,0,2.6667
https://www.miltonly.com/streets/riddell-crescent-milton,false,n/a,3,0,0,6.6667
https://www.miltonly.com/streets/ridge-drive-milton,false,n/a,3,0,0,5
https://www.miltonly.com/streets/robert-street-milton,false,n/a,2,0,0,8
https://www.miltonly.com/streets/robson-crescent-milton,false,n/a,5,0,0,3.4
https://www.miltonly.com/streets/roper-drive-milton,false,n/a,1,0,0,5
https://www.miltonly.com/streets/rose-way-avenue-milton,false,n/a,7,0,0,7
https://www.miltonly.com/streets/rose-way-lane-milton,false,n/a,5,0,0,6.4
https://www.miltonly.com/streets/rose-way-th28-milton,false,n/a,2,0,0,10
https://www.miltonly.com/streets/roseheath-drive-milton,false,n/a,1,0,0,6
https://www.miltonly.com/streets/rowe-terrace-milton,false,n/a,1,0,0,3
https://www.miltonly.com/streets/rutledge-way-milton,false,n/a,1,0,0,4
https://www.miltonly.com/streets/savoline-blvd-upper-milton,false,n/a,11,0,0,8.4545
https://www.miltonly.com/streets/schreyer-crescent-milton,false,n/a,15,0,0,5
https://www.miltonly.com/streets/scott-boulevard-milton,false,n/a,14,0,0,5.9286
https://www.miltonly.com/streets/second-line-milton,false,n/a,6,0,0,5.6667
https://www.miltonly.com/streets/seivert-place-milton,false,n/a,4,0,0,4.75
https://www.miltonly.com/streets/sheaffe-place-milton,false,n/a,2,0,0,6
https://www.miltonly.com/streets/side-road-milton,false,n/a,1,0,0,7
https://www.miltonly.com/streets/sixth-line-milton,false,n/a,3,0,0,4.6667
https://www.miltonly.com/streets/sixth-line-nassagaweya-line-milton,false,n/a,3,0,0,8
https://www.miltonly.com/streets/sixth-line-nassagaweya-milton,false,n/a,4,0,0,6.75
https://www.miltonly.com/streets/sixth-line-nassagaweya-n-a-milton,false,n/a,6,0,0,9.6667
https://www.miltonly.com/streets/sixth-nassagaweya-line-milton,false,n/a,1,0,0,10
https://www.miltonly.com/streets/slingsby-landing-milton,false,n/a,3,0,0,4
https://www.miltonly.com/streets/snoek-point-milton,false,n/a,1,0,0,2
https://www.miltonly.com/streets/sorensen-court-milton,false,n/a,1,0,0,9
https://www.miltonly.com/streets/stark-circle-milton,false,n/a,8,0,0,6.25
https://www.miltonly.com/streets/storey-drive-milton,false,n/a,1,0,0,1
https://www.miltonly.com/streets/stoutt-crescent-milton,false,n/a,5,0,0,7
https://www.miltonly.com/streets/stover-crescent-milton,false,n/a,2,0,0,3
https://www.miltonly.com/streets/strawberry-landing-milton,false,n/a,1,0,0,6
https://www.miltonly.com/streets/sugden-terrace-milton,false,n/a,2,1,0.5,7.5
https://www.miltonly.com/streets/sumac-milton,false,n/a,3,0,0,7.3333
https://www.miltonly.com/streets/sydney-street-milton,false,n/a,2,0,0,3.5
https://www.miltonly.com/streets/symons-crossing-mill-n-a-milton,false,n/a,2,0,0,3
https://www.miltonly.com/streets/syndenham-lane-milton,false,n/a,1,0,0,6
https://www.miltonly.com/streets/tamarack-point-milton,false,n/a,1,0,0,5
https://www.miltonly.com/streets/tea-landing-milton,false,n/a,2,0,0,3.5
https://www.miltonly.com/streets/thames-circle-milton,false,n/a,1,0,0,11
https://www.miltonly.com/streets/thimbleweed-court-milton,false,n/a,2,0,0,4
https://www.miltonly.com/streets/thompson-road-milton,false,n/a,6,0,0,6.5
https://www.miltonly.com/streets/thornborrow-court-milton,false,n/a,5,2,0.4,3.6
https://www.miltonly.com/streets/tock-close-milton,false,n/a,1,0,0,5
https://www.miltonly.com/streets/toletza-landing-n-a-milton,false,n/a,1,0,0,3
https://www.miltonly.com/streets/tonelli-lane-milton,false,n/a,1,0,0,6
https://www.miltonly.com/streets/transom-crescent-milton,false,n/a,3,0,0,5.6667
https://www.miltonly.com/streets/trudeau-drive-milton,false,n/a,1,0,0,4
https://www.miltonly.com/streets/trudeau-upstairs-drive-milton,false,n/a,1,0,0,10
https://www.miltonly.com/streets/turner-drive-milton,false,n/a,3,0,0,5.6667
https://www.miltonly.com/streets/tyrone-cres-n-a-milton,false,n/a,2,0,0,6
https://www.miltonly.com/streets/victoria-street-milton,false,n/a,3,0,0,4.3333
https://www.miltonly.com/streets/violet-gate-milton,false,n/a,2,0,0,5
https://www.miltonly.com/streets/w-farmstead-drive-milton,false,n/a,1,0,0,5
https://www.miltonly.com/streets/wakefield-road-milton,false,n/a,3,0,0,9.6667
https://www.miltonly.com/streets/walnut-landing-milton,false,n/a,4,0,0,4
https://www.miltonly.com/streets/weller-crossing-milton,false,n/a,2,0,0,10
https://www.miltonly.com/streets/wellwood-terrace-milton,false,n/a,6,0,0,5.8333
https://www.miltonly.com/streets/weston-drive-milton,false,n/a,1,0,0,9
https://www.miltonly.com/streets/wetenhall-landing-milton,false,n/a,1,0,0,4
https://www.miltonly.com/streets/whithlock-avenue-milton,false,n/a,5,0,0,7
https://www.miltonly.com/streets/whitmer-street-milton,false,n/a,1,0,0,5
https://www.miltonly.com/streets/wickson-way-milton,false,n/a,1,0,0,2
https://www.miltonly.com/streets/willow-avenue-milton,false,n/a,4,0,0,3.25
https://www.miltonly.com/streets/wilson-drive-milton,false,n/a,1,0,0,3
https://www.miltonly.com/streets/woodlawn-crescent-milton,false,n/a,1,0,0,10
https://www.miltonly.com/streets/zelinsky-crescent-milton,false,n/a,4,0,0,3.75
